{"stats":{"minecraft:killed":{"minecraft:chicken":1},"minecraft:mined":{"minecraft:grass":2},"minecraft:dropped":{"wildwestguns2_3d:ferguson_rifle":1,"wildwestguns2_3d:bullet_4570":3,"wildwestguns2_3d:springfield_trapdoor_rifle":1,"wildwestguns2_3d:bullet_22":1,"wildwestguns2_3d:colt_navy":1,"alexsmobs:animal_dictionary":1,"patchouli:guide_book":2},"minecraft:killed_by":{"minecraft:player":1},"minecraft:picked_up":{"wildwestguns2_3d:bullet_4570":3,"vampirism:injection_garlic":1,"minecraft:feather":2,"minecraft:chicken":1,"wildwestguns2_3d:springfield_trapdoor_rifle":1,"patchouli:guide_book":2,"butcher:butchersguidebook":1,"wildwestguns2_3d:bullet_4440":1,"wildwestguns2_3d:colt_navy":1,"wildwestguns2_3d:ferguson_rifle":1,"wildwestguns2_3d:rifleload":3,"wildwestguns2_3d:bullet_22":1,"alexsmobs:animal_dictionary":1},"minecraft:custom":{"minecraft:time_since_rest":9254,"minecraft:crouch_one_cm":784,"minecraft:deaths":1,"minecraft:play_time":23607,"minecraft:sprint_one_cm":1183,"minecraft:damage_taken":456,"minecraft:walk_one_cm":30250,"minecraft:sneak_time":499,"minecraft:mob_kills":1,"minecraft:drop":10,"minecraft:jump":87,"minecraft:damage_dealt":40,"minecraft:leave_game":1,"minecraft:time_since_death":9133,"minecraft:total_world_time":23607,"minecraft:player_kills":1,"minecraft:fall_one_cm":2156,"minecraft:fly_one_cm":4380},"minecraft:used":{"minecraft:chicken":1}},"DataVersion":3465}