{"stats":{"minecraft:killed":{"minecraft:chicken":1},"minecraft:mined":{"minecraft:grass":2},"minecraft:dropped":{"wildwestguns2_3d:ferguson_rifle":1,"wildwestguns2_3d:bullet_4570":3,"wildwestguns2_3d:springfield_trapdoor_rifle":1,"wildwestguns2_3d:bullet_22":1,"wildwestguns2_3d:colt_navy":1,"wildwestguns2_3d:rifleload":1,"alexsmobs:animal_dictionary":1,"patchouli:guide_book":2},"minecraft:killed_by":{"minecraft:warden":1,"minecraft:player":2},"minecraft:picked_up":{"wildwestguns2_3d:bullet_4570":4,"vampirism:injection_garlic":1,"minecraft:feather":2,"minecraft:chicken":1,"wildwestguns2_3d:springfield_trapdoor_rifle":1,"patchouli:guide_book":2,"butcher:butchersguidebook":1,"wildwestguns2_3d:bullet_4440":2,"wildwestguns2_3d:colt_navy":2,"wildwestguns2_3d:ferguson_rifle":1,"wildwestguns2_3d:rifleload":3,"wildwestguns2_3d:bullet_22":2,"alexsmobs:animal_dictionary":1},"minecraft:custom":{"minecraft:time_since_rest":4503,"minecraft:crouch_one_cm":862,"minecraft:deaths":3,"minecraft:play_time":35034,"minecraft:sprint_one_cm":1183,"minecraft:damage_taken":2182,"minecraft:walk_one_cm":50669,"minecraft:sneak_time":504,"minecraft:mob_kills":1,"minecraft:drop":11,"minecraft:jump":117,"minecraft:damage_dealt":50,"minecraft:leave_game":1,"minecraft:time_since_death":4481,"minecraft:total_world_time":35034,"minecraft:player_kills":1,"minecraft:fall_one_cm":2640,"minecraft:fly_one_cm":5151},"minecraft:used":{"minecraft:chicken":1}},"DataVersion":3465}