{"stats":{"minecraft:mined":{"minecraft:grass":2},"minecraft:killed":{"minecraft:chicken":1},"minecraft:dropped":{"wildwestguns2_3d:bullet_4570":4,"wildwestguns2_3d:springfield_trapdoor_rifle":1,"securitycraft:universal_block_reinforcer_lvl3":1,"alexsmobs:animal_dictionary":1,"wildwestguns2_3d:ferguson_rifle":1,"wildwestguns2_3d:bullet_22":2,"wildwestguns2_3d:colt_navy":2,"wildwestguns2_3d:rifleload":1,"patchouli:guide_book":2},"minecraft:killed_by":{"minecraft:player":3,"minecraft:warden":1},"minecraft:picked_up":{"minecraft:chicken":1,"vampirism:injection_garlic":1,"securitycraft:universal_block_reinforcer_lvl3":1,"minecraft:feather":2,"wildwestguns2_3d:bullet_4570":4,"patchouli:guide_book":2,"wildwestguns2_3d:bullet_4440":2,"wildwestguns2_3d:ferguson_rifle":1,"minecraft:oak_log":2,"wom:ruine":1,"alexsmobs:animal_dictionary":1,"wildwestguns2_3d:bullet_22":2,"wildwestguns2_3d:springfield_trapdoor_rifle":1,"butcher:butchersguidebook":1,"wildwestguns2_3d:colt_navy":2,"wildwestguns2_3d:rifleload":3},"minecraft:custom":{"minecraft:time_since_rest":7297,"minecraft:sprint_one_cm":1183,"minecraft:damage_taken":2487,"minecraft:walk_one_cm":66711,"minecraft:mob_kills":1,"minecraft:drop":15,"minecraft:damage_dealt":50,"minecraft:fly_one_cm":8751,"minecraft:player_kills":1,"minecraft:crouch_one_cm":946,"minecraft:play_time":43349,"minecraft:deaths":4,"minecraft:sneak_time":514,"minecraft:walk_under_water_one_cm":1864,"minecraft:jump":131,"minecraft:leave_game":2,"minecraft:time_since_death":7274,"minecraft:walk_on_water_one_cm":2278,"minecraft:total_world_time":43349,"minecraft:fall_one_cm":2640},"minecraft:used":{"minecraft:oak_log":2,"minecraft:chicken":1}},"DataVersion":3465}