{"stats":{"minecraft:killed":{"minecraft:chicken":1},"minecraft:mined":{"minecraft:birch_log":6,"minecraft:crafting_table":2,"minecraft:grass":2,"minecraft:oak_log":8,"minecraft:oak_leaves":1},"minecraft:dropped":{"wildwestguns2_3d:bullet_4570":4,"wildwestguns2_3d:springfield_trapdoor_rifle":1,"securitycraft:universal_block_reinforcer_lvl3":1,"alexsmobs:animal_dictionary":1,"wildwestguns2_3d:ferguson_rifle":1,"wildwestguns2_3d:bullet_22":2,"wildwestguns2_3d:colt_navy":2,"wildwestguns2_3d:rifleload":1,"patchouli:guide_book":2},"minecraft:killed_by":{"minecraft:warden":1,"minecraft:player":3,"iceandfire:sea_serpent":1},"minecraft:crafted":{"minecraft:oak_planks":16,"minecraft:crafting_table":1,"minecraft:stick":12,"minecraft:birch_boat":1,"minecraft:wooden_pickaxe":1,"minecraft:wooden_axe":1,"minecraft:birch_planks":24},"minecraft:picked_up":{"minecraft:birch_log":6,"minecraft:crafting_table":2,"minecraft:chicken":1,"vampirism:injection_garlic":1,"securitycraft:universal_block_reinforcer_lvl3":1,"minecraft:feather":2,"wildwestguns2_3d:bullet_4570":4,"patchouli:guide_book":2,"wildwestguns2_3d:bullet_4440":2,"wildwestguns2_3d:ferguson_rifle":1,"minecraft:oak_log":8,"wom:ruine":1,"alexsmobs:animal_dictionary":1,"wildwestguns2_3d:bullet_22":2,"wildwestguns2_3d:springfield_trapdoor_rifle":1,"butcher:butchersguidebook":1,"wildwestguns2_3d:colt_navy":2,"wildwestguns2_3d:rifleload":3},"minecraft:custom":{"minecraft:time_since_rest":1023,"minecraft:sprint_one_cm":1183,"minecraft:damage_taken":2782,"minecraft:walk_one_cm":76832,"minecraft:mob_kills":1,"minecraft:drop":15,"minecraft:damage_dealt":85,"minecraft:interact_with_crafting_table":3,"minecraft:fly_one_cm":11062,"minecraft:player_kills":1,"minecraft:crouch_one_cm":946,"minecraft:play_time":56499,"minecraft:deaths":5,"minecraft:sneak_time":528,"minecraft:walk_under_water_one_cm":7148,"minecraft:boat_one_cm":178281,"minecraft:jump":148,"minecraft:leave_game":3,"minecraft:walk_on_water_one_cm":8461,"minecraft:time_since_death":1000,"minecraft:total_world_time":56499,"minecraft:fall_one_cm":2640},"minecraft:used":{"minecraft:oak_log":2,"minecraft:wooden_axe":8,"minecraft:chicken":1,"minecraft:birch_boat":1,"wom:ruine":2,"minecraft:crafting_table":3}},"DataVersion":3465}