{"stats":{"minecraft:killed":{"minecraft:chicken":1},"minecraft:dropped":{"alexsmobs:animal_dictionary":1,"patchouli:guide_book":2},"minecraft:mined":{"minecraft:grass":2},"minecraft:picked_up":{"vampirism:injection_garlic":1,"minecraft:feather":2,"minecraft:chicken":1,"patchouli:guide_book":2,"butcher:butchersguidebook":1,"alexsmobs:animal_dictionary":1},"minecraft:custom":{"minecraft:time_since_rest":11975,"minecraft:crouch_one_cm":784,"minecraft:play_time":11975,"minecraft:sprint_one_cm":669,"minecraft:damage_taken":152,"minecraft:walk_one_cm":19083,"minecraft:sneak_time":499,"minecraft:mob_kills":1,"minecraft:drop":3,"minecraft:jump":68,"minecraft:damage_dealt":40,"minecraft:leave_game":1,"minecraft:time_since_death":11975,"minecraft:total_world_time":11975,"minecraft:fall_one_cm":1552,"minecraft:fly_one_cm":4263},"minecraft:used":{"minecraft:chicken":1}},"DataVersion":3465}