{"stats":{"minecraft:killed":{"vampirism:vampire":2,"minecraft:skeleton":1,"minecraft:chicken":1,"vampirism:converted_sheep":4,"minecraft:parrot":4,"vampirism:converted_cow":4,"minecraft:trader_llama":1,"minecraft:zombie":12,"iceandfire:pixie":1,"born_in_chaos_v1:maggot":5,"iceandfire:siren":1,"vampirism:ghost":3},"minecraft:broken":{"minecraft:stone_axe":1,"minecraft:iron_axe":1},"minecraft:custom":{"minecraft:interact_with_crafting_table":81,"minecraft:open_barrel":286,"minecraft:leave_game":3,"minecraft:time_since_death":36058,"minecraft:sprint_one_cm":220790,"minecraft:drop":76,"minecraft:talked_to_villager":1,"minecraft:play_time":309863,"minecraft:deaths":20,"minecraft:jump":2683,"minecraft:interact_with_brewingstand":1,"minecraft:walk_on_water_one_cm":36415,"minecraft:interact_with_furnace":49,"minecraft:interact_with_cartography_table":2,"vampirism:interact_with_research_table":5,"minecraft:sleep_in_bed":9,"minecraft:damage_dealt":8402,"minecraft:player_kills":1,"minecraft:crouch_one_cm":12356,"minecraft:inspect_dispenser":1,"minecraft:mob_kills":40,"vampirism:killed_with_stake":1,"minecraft:climb_one_cm":9736,"vampirism:interact_alchemical_cauldron":2,"minecraft:walk_one_cm":852382,"vampirism:skills_unlocked":21,"minecraft:sneak_time":4972,"minecraft:walk_under_water_one_cm":45927,"minecraft:boat_one_cm":875585,"minecraft:interact_with_lectern":3,"minecraft:interact_with_blast_furnace":5,"minecraft:total_world_time":309863,"vampirism:interact_with_injection_chair":5,"vampirism:interact_with_garlic_diffuser":2,"minecraft:interact_with_stonecutter":3,"minecraft:time_since_rest":33237,"minecraft:damage_taken":30462,"minecraft:swim_one_cm":35497,"minecraft:fly_one_cm":154973,"minecraft:open_chest":56,"minecraft:fall_one_cm":48094},"minecraft:used":{"minecraft:iron_shovel":37,"minecraft:chest":2,"minecraft:iron_sword":4,"alexscaves:cooked_lanternfish":2,"minecraft:carrot":14,"born_in_chaos_v1:corpse_maggot":3,"youkaishomecoming:flesh_stew":1,"minecraft:dark_oak_boat":1,"minecraft:furnace":7,"minecraft:cooked_cod":1,"minecraft:skeleton_skull":2,"alexsmobs:raw_catfish":1,"minecraft:stone_pickaxe":129,"minecraft:oak_planks":3,"minecraft:wooden_pickaxe":8,"vampirism:garlic_diffuser_improved":1,"minecraft:blast_furnace":2,"minecraft:yellow_concrete":6,"vampirism:stake":5,"minecraft:shears":35,"minecraft:melon_slice":39,"minecraft:string":1,"vampirism:cursed_earth":20,"vampiresdelight:hardtack":3,"alexscaves:tripodfish":1,"vampirism:garlic_bread":2,"vampirism:potion_table":1,"vampirism:med_chair":1,"minecraft:oak_boat":4,"minecraft:cobweb":1,"minecraft:dried_kelp":5,"minecraft:cooked_salmon":1,"minecraft:cooked_chicken":1,"minecraft:orange_bed":2,"minecraft:torch":57,"minecraft:dirt":5,"minecraft:spyglass":6,"minecraft:spruce_stairs":1,"minecraft:salmon_bucket":2,"minecraft:spruce_fence":7,"youkaishomecoming:raw_lamprey":1,"minecraft:wooden_axe":9,"minecraft:dark_oak_planks":6,"minecraft:iron_axe":191,"minecraft:barrel":43,"iceandfire:armor_copper_metal_helmet":2,"vampirism:cobbled_dark_stone":1,"minecraft:cooked_beef":1,"minecraft:light_gray_bed":1,"alexsmobs:cooked_catfish":3,"unusual_delight:spider_leg":1,"minecraft:birch_planks":3,"minecraft:glass_bottle":2,"minecraft:baked_potato":18,"minecraft:birch_boat":2,"minecraft:stonecutter":1,"youkaishomecoming:cooked_flesh":2,"wom:ruine":96,"minecraft:cobblestone_slab":11,"minecraft:crafting_table":18,"vampirism:hunter_table":1,"vampirism:alchemy_table":1,"minecraft:cod":1,"minecraft:spruce_log":1,"minecraft:oak_log":4,"alexsmobs:flying_fish":3,"minecraft:chicken":1,"minecraft:iron_pickaxe":68,"minecraft:stone_axe":126,"vampirism:cursed_spruce_log":2,"minecraft:cobblestone":24,"minecraft:potion":2,"ice_and_fire_delight:sea_serpent_meat":10},"minecraft:dropped":{"wildwestguns2_3d:bullet_4570":4,"wildwestguns2_3d:springfield_trapdoor_rifle":1,"vampirism:stake":1,"wildwestguns2_3d:rifleload":1,"iceandfire:armor_copper_metal_boots":2,"minecraft:chain":1,"minecraft:iron_nugget":3,"alexsmobs:animal_dictionary":1,"born_in_chaos_v1:ethereal_spirit":2,"minecraft:rotten_flesh":3,"minecraft:oak_planks":7,"wildwestguns2_3d:ferguson_rifle":1,"minecraft:white_bed":1,"patchouli:guide_book":2,"iceandfire:shiny_scales":4,"minecraft:gunpowder":1,"crittersandcompanions:koi_fish":2,"minecraft:charcoal":14,"mysticalagriculture:inferium_essence":2,"iceandfire:armor_copper_metal_leggings":3,"iceandfire:armor_copper_metal_chestplate":3,"minecraft:iron_helmet":3,"minecraft:copper_ingot":16,"vampirism:amulet":1,"mahoutsukai:scroll_geas":1,"minecraft:dried_kelp":18,"minecraft:iron_axe":1,"wildwestguns2_3d:bullet_22":2,"wildwestguns2_3d:colt_navy":2,"minecraft:furnace":1,"minecraft:kelp":8,"securitycraft:universal_block_reinforcer_lvl3":1,"mahoutsukai:dagger":1,"minecraft:bowl":1,"wildwestguns2_3d:model_c_helmet":1,"iceandfire:armor_copper_metal_helmet":4,"argentinas_delight:yerbamate":4,"alexscaves:cooked_radgill":1,"minecraft:oak_boat":1,"minecraft:birch_boat":1,"minecraft:stone_pickaxe":1},"minecraft:mined":{"minecraft:dark_oak_planks":10,"argentinas_delight:pescadocrudobloque":1,"minecraft:white_bed":2,"minecraft:black_terracotta":1,"minecraft:carved_pumpkin":27,"argentinas_delight:hojasdemate":20,"minecraft:grass_block":8,"minecraft:light_gray_bed":1,"vampirism:hunter_table":1,"minecraft:spawner":9,"minecraft:tall_seagrass":1,"minecraft:dark_oak_trapdoor":1,"minecraft:iron_ore":9,"minecraft:barrel":46,"minecraft:fire":20,"minecraft:nether_brick_stairs":1,"argentinas_delight:ramasdematedeyerba":2,"minecraft:dark_oak_stairs":5,"iceandfire:gold_pile":83,"minecraft:spruce_pressure_plate":1,"minecraft:spruce_slab":1,"minecraft:tripwire":10,"minecraft:orange_bed":1,"minecraft:kelp_plant":6,"minecraft:torch":7,"minecraft:blast_furnace":1,"minecraft:melon":17,"minecraft:chest":6,"minecraft:nether_brick_slab":1,"mahoutsukai:mahoujin":1,"minecraft:cobblestone":8,"vintagedelight:salt_block":1,"minecraft:cyan_bed":1,"minecraft:oak_planks":1,"minecraft:wall_torch":6,"vampirism:alchemy_table":1,"minecraft:birch_log":8,"minecraft:grass":2,"minecraft:oak_log":31,"minecraft:sand":42,"minecraft:dirt":3,"minecraft:oak_leaves":4,"iceandfire:silver_ore":1,"minecraft:dark_oak_log":1,"minecraft:spruce_fence":9,"vampirism:vampire_orchid":2,"iceandfire:chared_dirt":1,"minecraft:birch_slab":2,"minecraft:kelp":11,"vampirism:potion_table":1,"minecraft:furnace":6,"minecraft:raw_gold_block":3,"iceandfire:chared_gravel":2,"minecraft:peony":1,"minecraft:cobblestone_slab":4,"crittersandcompanions:silk_cocoon":2,"minecraft:stripped_oak_log":1,"minecraft:stone":104,"minecraft:white_wool":35,"vampirism:cursed_earth":9,"vampirism:dark_stone":1,"vampirism:cursed_spruce_log":1,"minecraft:spruce_door":5,"minecraft:cornflower":1,"vampirism:cursed_grass":10,"minecraft:crafting_table":12,"vampirism:cursed_earth_path":1,"minecraft:spruce_stairs":6,"minecraft:birch_planks":20,"minecraft:spruce_log":12,"minecraft:birch_leaves":1,"minecraft:coal_ore":22,"minecraft:gravel":2,"minecraft:yellow_concrete":7},"minecraft:picked_up":{"minecraft:wooden_axe":1,"vampirism:injection_garlic":1,"minecraft:iron_chestplate":1,"alexscaves:radgill":3,"minecraft:prismarine_shard":3,"minecraft:lead":2,"iceandfire:armor_copper_metal_chestplate":3,"wom:ruine":3,"minecraft:string":42,"vampirism:armor_of_swiftness_head_ultimate":2,"minecraft:raw_copper":13,"minecraft:cooked_salmon":2,"vampirism:blood_pedestal":1,"mysticalagriculture:inferium_essence":16,"minecraft:gold_nugget":916,"minecraft:smooth_stone":1,"wildwestguns2_3d:colt_navy":2,"crittersandcompanions:koi_fish":3,"minecraft:cobblestone_slab":28,"unusual_delight:soul":2,"minecraft:melon_slice":238,"minecraft:furnace":7,"iceandfire:pixie_dust":1,"minecraft:stick":18,"iceandfire:armor_copper_metal_leggings":3,"minecraft:torch":27,"minecraft:spruce_stairs":12,"minecraft:dried_kelp":9,"vintagedelight:salt_dust":4,"vampirism:alchemy_table":1,"vampirism:vampire_fang":1,"vampirism:amulet":1,"youkaishomecoming:raw_lamprey":1,"minecraft:orange_bed":1,"vampirism:hunter_table":1,"minecraft:rotten_flesh":14,"minecraft:light_gray_bed":1,"wildwestguns2_3d:springfield_trapdoor_rifle":1,"minecraft:salmon_bucket":3,"iceandfire:fire_dragon_heart":1,"minecraft:carved_pumpkin":73,"minecraft:cod":1,"alexsmobs:flying_fish":2,"minecraft:cobblestone":124,"minecraft:birch_log":8,"minecraft:feather":9,"minecraft:flint":8,"alexscaves:lanternfish":2,"minecraft:dirt":13,"minecraft:name_tag":1,"minecraft:bone":13,"minecraft:honeycomb":42,"minecraft:oak_planks":1,"vampirism:potion_table":1,"securitycraft:universal_block_reinforcer_lvl3":1,"vampirism:cursed_spruce_log":2,"minecraft:black_terracotta":3,"wildwestguns2_3d:bullet_4570":4,"patchouli:guide_book":2,"iceandfire:dragon_skull_fire":1,"iceandfire:shiny_scales":4,"minecraft:sand":39,"minecraft:nether_brick_stairs":1,"minecraft:cyan_bed":1,"argentinas_delight:yerbamate":4,"minecraft:dark_oak_log":8,"minecraft:barrel":43,"alexsmobs:animal_dictionary":1,"mahoutsukai:scroll_geas":2,"alexscaves:cooked_radgill":3,"butcher:butchersguidebook":1,"mahoutsukai:dagger":1,"iceandfire:raw_silver":1,"unusual_delight:spider_leg":1,"minecraft:charcoal":21,"minecraft:crafting_table":13,"minecraft:chicken":1,"minecraft:wooden_pickaxe":1,"iceandfire:sea_serpent_scales_blue":5,"minecraft:cornflower":2,"alexsmobs:cooked_catfish":4,"minecraft:flint_and_steel":1,"minecraft:iron_shovel":2,"vampirism:cursed_earth":20,"minecraft:oak_boat":1,"minecraft:iron_nugget":5,"minecraft:chest":11,"minecraft:raw_iron":10,"minecraft:raw_gold_block":3,"minecraft:copper_ingot":6,"minecraft:spruce_fence":11,"wildwestguns2_3d:bullet_4440":2,"minecraft:stone_button":6,"iceandfire:armor_copper_metal_boots":1,"minecraft:prismarine_crystals":5,"minecraft:dark_oak_planks":12,"minecraft:cooked_cod":1,"vampirism:cobbled_dark_stone":1,"minecraft:peony":2,"minecraft:shears":1,"crittersandcompanions:silk":8,"minecraft:gold_ingot":32,"minecraft:mutton":5,"minecraft:skeleton_skull":1,"minecraft:white_wool":27,"minecraft:rail":2,"minecraft:stripped_oak_log":2,"vampirism:garlic_diffuser_improved":1,"born_in_chaos_v1:corpse_maggot":10,"iceandfire:sea_serpent_fang":10,"minecraft:leather":3,"minecraft:birch_planks":22,"minecraft:oak_log":29,"minecraft:gunpowder":44,"iceandfire:armor_copper_metal_helmet":3,"wildwestguns2_3d:bullet_22":2,"ice_and_fire_delight:sea_serpent_meat":10,"minecraft:kelp":29,"minecraft:iron_ingot":96,"minecraft:cobweb":2,"minecraft:dark_oak_stairs":5,"minecraft:birch_boat":1,"minecraft:yellow_concrete":7,"born_in_chaos_v1:ethereal_spirit":2,"minecraft:gravel":4,"wildwestguns2_3d:ferguson_rifle":1,"minecraft:blast_furnace":1,"minecraft:white_bed":1,"minecraft:spruce_log":10,"minecraft:nether_brick_slab":2,"minecraft:spider_eye":3,"minecraft:spruce_door":4,"minecraft:iron_helmet":3,"wildwestguns2_3d:rifleload":3,"minecraft:baked_potato":2,"vampirism:vampire_orchid":2,"alexscaves:cooked_lanternfish":6,"minecraft:coal":56},"minecraft:crafted":{"minecraft:oak_planks":92,"minecraft:smooth_stone":4,"minecraft:cobblestone_slab":24,"vampirism:injection_garlic":2,"minecraft:dark_oak_boat":2,"minecraft:birch_boat":2,"vampirism:med_chair":1,"minecraft:stone":8,"iceandfire:armor_copper_metal_boots":2,"minecraft:glass":30,"iceandfire:armor_copper_metal_chestplate":2,"vampirism:stake":3,"wildwestguns2_3d:model_c_helmet":1,"minecraft:glass_bottle":3,"wildwestguns2_3d:riflestock":1,"minecraft:crafting_table":7,"minecraft:spruce_planks":8,"minecraft:wooden_pickaxe":2,"minecraft:copper_ingot":58,"minecraft:birch_planks":32,"minecraft:stick":48,"minecraft:iron_pickaxe":1,"minecraft:iron_ingot":11,"minecraft:iron_block":3,"butcher:butchers_knife":1,"minecraft:gold_ingot":100,"minecraft:oak_door":3,"minecraft:iron_nugget":9,"minecraft:furnace":2,"minecraft:blast_furnace":1,"iceandfire:armor_copper_metal_leggings":2,"iceandfire:armor_copper_metal_helmet":2,"minecraft:glass_pane":16,"vampirism:injection_empty":3,"wildwestguns2_3d:colt_1878_shotgun":1,"minecraft:iron_axe":3,"minecraft:stone_pickaxe":3,"wildwestguns2_3d:longbarrel":2,"minecraft:dark_oak_planks":24,"minecraft:dried_kelp":14,"minecraft:stone_axe":1,"minecraft:air":0,"minecraft:oak_boat":4,"minecraft:raw_gold":27,"minecraft:wooden_axe":2,"minecraft:stonecutter":1,"minecraft:torch":96},"minecraft:killed_by":{"iceandfire:sea_serpent":1,"aqua_creepers:aqua_creeper":2,"minecraft:zombie":4,"youkaishomecoming:rumia":1,"vampirism:vampire":1,"iceandfire:fire_dragon":1,"minecraft:player":5,"vampirism:ghost":1,"minecraft:warden":1,"irons_spellbooks:necromancer":1}},"DataVersion":3465}