{"stats":{"minecraft:dropped":{"unusual_delight:soul":1,"minecraft:sculk_catalyst":1,"unusual_delight:warding_soul":2},"minecraft:mined":{"minecraft:grass_block":1},"minecraft:killed":{"minecraft:sheep":1},"minecraft:killed_by":{"minecraft:warden":1,"minecraft:player":2},"minecraft:picked_up":{"minecraft:sculk_catalyst":1,"unusual_delight:warding_soul":2,"mysticalagriculture:inferium_essence":1,"unusual_delight:soul":1,"minecraft:mutton":2,"minecraft:white_wool":1,"minecraft:dirt":1},"minecraft:custom":{"minecraft:time_since_rest":4597,"minecraft:crouch_one_cm":1110,"minecraft:walk_one_cm":48444,"minecraft:play_time":21028,"minecraft:sprint_one_cm":13436,"minecraft:damage_taken":816,"minecraft:deaths":3,"minecraft:sneak_time":457,"minecraft:mob_kills":1,"minecraft:drop":4,"minecraft:jump":91,"minecraft:damage_dealt":50,"minecraft:time_since_death":4559,"minecraft:total_world_time":21028,"minecraft:fall_one_cm":2931,"minecraft:fly_one_cm":11147},"minecraft:used":{"minecraft:dirt":1}},"DataVersion":3465}