{"stats":{"minecraft:mined":{"minecraft:fire":22,"minecraft:crafting_table":1,"minecraft:grass":2,"minecraft:grass_block":2,"minecraft:oak_log":4,"minecraft:oak_leaves":3},"minecraft:dropped":{"minecraft:gunpowder":1,"unusual_delight:soul":1,"minecraft:sculk_catalyst":1,"unusual_delight:warding_soul":2,"wom:antitheus":1,"minecraft:feather":2,"iceandfire:dragonsteel_ice_sword":2,"patchouli:guide_book":1},"minecraft:killed":{"minecraft:sheep":3,"iceandfire:siren":1,"alexsmobs:terrapin":1,"minecraft:chicken":2,"aqua_creepers:aqua_creeper":1,"crittersandcompanions:koi_fish":1},"minecraft:killed_by":{"minecraft:warden":1,"minecraft:player":2,"aqua_creepers:aqua_creeper":1},"minecraft:crafted":{"minecraft:oak_planks":20,"minecraft:crafting_table":1,"minecraft:stick":4,"minecraft:wooden_pickaxe":1,"minecraft:wooden_axe":1},"minecraft:picked_up":{"minecraft:sculk_catalyst":1,"minecraft:stick":2,"minecraft:crafting_table":1,"unusual_delight:warding_soul":2,"minecraft:feather":2,"minecraft:chicken":3,"minecraft:prismarine_shard":3,"iceandfire:shiny_scales":3,"minecraft:oak_log":5,"minecraft:gunpowder":1,"minecraft:prismarine_crystals":2,"minecraft:dirt":2,"iceandfire:dragonsteel_ice_sword":2,"wom:antitheus":2,"minecraft:kelp":5,"mysticalagriculture:inferium_essence":2,"unusual_delight:soul":1,"crittersandcompanions:koi_fish":1,"minecraft:oak_sapling":1,"minecraft:mutton":4,"minecraft:white_wool":3,"minecraft:egg":1},"minecraft:custom":{"minecraft:time_since_rest":17058,"minecraft:sprint_one_cm":33637,"minecraft:damage_taken":1383,"minecraft:walk_one_cm":136966,"minecraft:mob_kills":9,"minecraft:drop":11,"minecraft:damage_dealt":1167,"minecraft:swim_one_cm":19138,"minecraft:interact_with_crafting_table":1,"minecraft:fly_one_cm":27103,"minecraft:player_kills":1,"minecraft:crouch_one_cm":3217,"minecraft:play_time":45144,"minecraft:deaths":4,"minecraft:sneak_time":1061,"minecraft:walk_under_water_one_cm":9986,"minecraft:boat_one_cm":174093,"minecraft:jump":297,"minecraft:leave_game":1,"minecraft:time_since_death":17026,"minecraft:walk_on_water_one_cm":21223,"minecraft:total_world_time":45144,"minecraft:fall_one_cm":5750},"minecraft:used":{"minecraft:wooden_axe":1,"minecraft:chicken":3,"iceandfire:dragonsteel_ice_sword":7,"minecraft:mutton":4,"crittersandcompanions:koi_fish":1,"minecraft:dirt":2,"wom:antitheus":7,"minecraft:crafting_table":1,"minecraft:egg":1}},"DataVersion":3465}