{"stats":{"minecraft:mined":{"minecraft:grass":1,"minecraft:grass_block":2,"minecraft:oak_leaves":1},"minecraft:dropped":{"unusual_delight:soul":1,"minecraft:sculk_catalyst":1,"unusual_delight:warding_soul":2,"wom:antitheus":1,"iceandfire:dragonsteel_ice_sword":2,"patchouli:guide_book":1},"minecraft:killed":{"minecraft:sheep":3,"alexsmobs:terrapin":1,"minecraft:chicken":2,"aqua_creepers:aqua_creeper":1,"crittersandcompanions:koi_fish":1},"minecraft:killed_by":{"minecraft:warden":1,"minecraft:player":2,"aqua_creepers:aqua_creeper":1},"minecraft:picked_up":{"minecraft:sculk_catalyst":1,"unusual_delight:warding_soul":2,"minecraft:feather":2,"minecraft:chicken":3,"minecraft:gunpowder":1,"minecraft:dirt":2,"iceandfire:dragonsteel_ice_sword":2,"wom:antitheus":2,"mysticalagriculture:inferium_essence":2,"unusual_delight:soul":1,"crittersandcompanions:koi_fish":1,"minecraft:mutton":4,"minecraft:white_wool":3,"minecraft:egg":1},"minecraft:custom":{"minecraft:time_since_rest":3639,"minecraft:sprint_one_cm":29205,"minecraft:damage_taken":1213,"minecraft:walk_one_cm":108896,"minecraft:mob_kills":8,"minecraft:drop":8,"minecraft:damage_dealt":876,"minecraft:swim_one_cm":12297,"minecraft:fly_one_cm":22984,"minecraft:player_kills":1,"minecraft:crouch_one_cm":2867,"minecraft:play_time":31725,"minecraft:deaths":4,"minecraft:sneak_time":885,"minecraft:walk_under_water_one_cm":3573,"minecraft:jump":233,"minecraft:time_since_death":3607,"minecraft:walk_on_water_one_cm":10722,"minecraft:total_world_time":31725,"minecraft:fall_one_cm":5415},"minecraft:used":{"minecraft:chicken":3,"iceandfire:dragonsteel_ice_sword":7,"crittersandcompanions:koi_fish":1,"minecraft:dirt":2,"wom:antitheus":2,"minecraft:egg":1}},"DataVersion":3465}