{"stats":{"minecraft:killed":{"born_in_chaos_v1:maggot":11,"minecraft:skeleton":2,"iceandfire:siren":3,"minecraft:chicken":2,"minecraft:parrot":7,"minecraft:sheep":3,"iceandfire:ghost":1,"vampirism:ghost":1,"minecraft:zombie":42,"alexsmobs:terrapin":1,"born_in_chaos_v1:corpse_fly":6,"born_in_chaos_v1:dark_vortex":1,"aqua_creepers:aqua_creeper":1,"iceandfire:pixie":1,"crittersandcompanions:koi_fish":1},"minecraft:broken":{"minecraft:stone_pickaxe":1,"minecraft:iron_axe":1},"minecraft:custom":{"minecraft:mob_kills":87,"minecraft:interact_with_crafting_table":14,"minecraft:open_barrel":104,"minecraft:leave_game":6,"minecraft:time_since_death":180210,"minecraft:climb_one_cm":11494,"vampirism:interact_alchemical_cauldron":3,"minecraft:sprint_one_cm":361634,"minecraft:walk_one_cm":804855,"minecraft:drop":79,"minecraft:talked_to_villager":2,"minecraft:play_time":290694,"minecraft:deaths":9,"minecraft:sneak_time":11495,"minecraft:walk_under_water_one_cm":21712,"minecraft:boat_one_cm":724708,"minecraft:interact_with_lectern":1,"minecraft:jump":3454,"minecraft:interact_with_blast_furnace":1,"minecraft:walk_on_water_one_cm":45377,"minecraft:total_world_time":290694,"vampirism:interact_with_injection_chair":4,"minecraft:interact_with_furnace":28,"vampirism:interact_with_research_table":1,"minecraft:interact_with_cartography_table":1,"vampirism:interact_with_garlic_diffuser":3,"minecraft:pot_flower":1,"minecraft:interact_with_stonecutter":1,"minecraft:interact_with_grindstone":1,"minecraft:sleep_in_bed":6,"minecraft:time_since_rest":33871,"minecraft:damage_taken":4554,"minecraft:trigger_trapped_chest":1,"minecraft:damage_dealt":13383,"minecraft:swim_one_cm":41666,"minecraft:fly_one_cm":369793,"minecraft:player_kills":2,"minecraft:open_chest":73,"minecraft:crouch_one_cm":29751,"vampirism:items_filled_on_blood_pedestal":2,"minecraft:fall_one_cm":88182,"minecraft:inspect_dispenser":5},"minecraft:dropped":{"minecraft:iron_ingot":78,"minecraft:iron_sword":1,"minecraft:birch_planks":19,"minecraft:crafting_table":1,"minecraft:cobblestone":191,"minecraft:prismarine_shard":3,"minecraft:iron_helmet":1,"minecraft:feather":3,"vampirism:garlic_diffuser_improved":2,"minecraft:granite":26,"vampirism:amulet":1,"wom:ruine":2,"minecraft:stick":16,"unusual_delight:soul":1,"minecraft:ink_sac":3,"minecraft:sculk_catalyst":1,"minecraft:cornflower":1,"minecraft:wooden_axe":2,"minecraft:melon_slice":3,"vampirism:cursed_earth":1,"iceandfire:dragonsteel_ice_sword":2,"minecraft:sand":1,"minecraft:orange_bed":1,"minecraft:iron_shovel":2,"minecraft:bone":4,"minecraft:gravel":27,"minecraft:iron_nugget":6,"alexsmobs:animal_dictionary":2,"minecraft:raw_copper":4,"unusual_delight:warding_soul":2,"mahoutsukai:dagger":1,"born_in_chaos_v1:ethereal_spirit":1,"minecraft:rotten_flesh":1,"patchouli:guide_book":4,"crittersandcompanions:silk":3,"minecraft:flint_and_steel":1,"butcher:butchersguidebook":1,"crittersandcompanions:koi_fish":1,"minecraft:gunpowder":3,"minecraft:iron_chestplate":1,"mysticalagriculture:inferium_essence":4,"wom:antitheus":1,"minecraft:oak_sapling":1,"minecraft:arrow":1,"minecraft:blue_orchid":1,"minecraft:wooden_pickaxe":2},"minecraft:used":{"minecraft:peony":1,"minecraft:writable_book":1,"minecraft:iron_shovel":30,"minecraft:carved_pumpkin":2,"minecraft:dried_kelp":17,"minecraft:cooked_chicken":1,"minecraft:rotten_flesh":2,"minecraft:torch":24,"iceandfire:armor_copper_metal_boots":1,"alexscaves:cooked_tripodfish":1,"crittersandcompanions:koi_fish":1,"minecraft:dirt":3,"minecraft:mutton":4,"minecraft:spruce_stairs":1,"youkaishomecoming:bun":1,"minecraft:spruce_fence":1,"minecraft:wooden_axe":8,"minecraft:iron_axe":218,"farmersdelight:canvas_rug":5,"farmersdelight:cutting_board":1,"wom:antitheus":129,"minecraft:dark_oak_boat":1,"minecraft:cooked_cod":4,"minecraft:furnace":1,"minecraft:egg":1,"minecraft:potato":1,"minecraft:cooked_mutton":2,"alexsmobs:cooked_catfish":1,"epicfight:skillbook":2,"minecraft:stone_pickaxe":217,"minecraft:wooden_pickaxe":9,"minecraft:birch_boat":1,"minecraft:dark_oak_trapdoor":1,"minecraft:crafting_table":4,"minecraft:mushroom_stew":4,"minecraft:white_bed":2,"vampiresdelight:alchemical_cocktail":1,"vampirism:stake":8,"alexscaves:cooked_radgill":1,"minecraft:diamond_pickaxe":152,"minecraft:apple":4,"minecraft:dark_oak_log":1,"minecraft:chicken":3,"minecraft:bread":2,"minecraft:melon_slice":66,"vampirism:cursed_earth":1,"iceandfire:dragonsteel_ice_sword":7,"vampirism:garlic_bread":8,"minecraft:cobblestone":1,"youkaishomecoming:sakura_mochi":4,"minecraft:pumpkin_pie":1,"minecraft:oak_boat":3},"minecraft:mined":{"minecraft:white_bed":1,"iceandfire:silver_ore":3,"farmersdelight:canvas_rug":5,"argentinas_delight:hojasdemate":5,"minecraft:granite":13,"minecraft:carved_pumpkin":1,"minecraft:grass_block":5,"minecraft:spruce_fence":2,"vampirism:dark_spruce_log":6,"vampirism:vampire_orchid":1,"minecraft:spawner":1,"minecraft:tall_seagrass":2,"minecraft:dark_oak_trapdoor":1,"minecraft:iron_ore":64,"minecraft:fire":22,"minecraft:peony":1,"argentinas_delight:ramasdematedeyerba":2,"minecraft:vine":1,"iceandfire:gold_pile":6,"minecraft:bookshelf":8,"argentinas_delight:basedearbolmate":1,"minecraft:lantern":1,"minecraft:spruce_pressure_plate":1,"crittersandcompanions:silk_cocoon":1,"minecraft:stone":127,"minecraft:white_wool":6,"farmersdelight:wild_potatoes":9,"minecraft:orange_bed":1,"vampirism:cursed_spruce_log":1,"minecraft:powder_snow":1,"vampirism:cursed_grass":2,"minecraft:crafting_table":2,"minecraft:torch":1,"minecraft:poppy":3,"minecraft:melon":6,"iceandfire:ghost_chest":1,"minecraft:copper_ore":20,"minecraft:spruce_stairs":1,"farmersdelight:cutting_board":1,"vampirism:cursed_roots":3,"minecraft:grass":5,"minecraft:oak_log":8,"minecraft:coal_ore":138,"vampirism:garlic_diffuser_improved":1,"minecraft:gravel":30,"minecraft:sand":8,"vampirism:blood_pedestal":1,"minecraft:oak_leaves":4,"minecraft:fern":4},"minecraft:picked_up":{"unusual_delight:spider_leg":1,"minecraft:crafting_table":3,"minecraft:chicken":3,"vampirism:dark_spruce_log":6,"minecraft:prismarine_shard":3,"iceandfire:armor_copper_metal_chestplate":1,"minecraft:wooden_pickaxe":1,"minecraft:chain":2,"wom:ruine":1,"farmersdelight:cutting_board":1,"minecraft:cornflower":1,"minecraft:dark_oak_trapdoor":1,"wom:antitheus":2,"minecraft:raw_copper":64,"minecraft:iron_axe":1,"minecraft:cooked_salmon":1,"minecraft:iron_leggings":1,"mysticalagriculture:inferium_essence":19,"vampirism:cursed_earth":2,"minecraft:gold_nugget":54,"minecraft:oak_boat":2,"crittersandcompanions:koi_fish":2,"unusual_delight:soul":1,"minecraft:iron_nugget":6,"minecraft:poppy":3,"minecraft:melon_slice":30,"farmersdelight:canvas_rug":5,"minecraft:egg":1,"minecraft:spruce_pressure_plate":2,"minecraft:stick":14,"minecraft:raw_iron":63,"iceandfire:dragonbone":6,"iceandfire:armor_copper_metal_leggings":1,"minecraft:torch":4,"minecraft:spruce_stairs":1,"minecraft:spruce_fence":1,"epicfight:skillbook":2,"minecraft:dried_kelp":9,"iceandfire:armor_copper_metal_boots":1,"vampirism:amulet":1,"minecraft:prismarine_crystals":2,"iceandfire:silver_ingot":2,"minecraft:orange_bed":2,"minecraft:arrow":1,"minecraft:rotten_flesh":26,"minecraft:cooked_cod":1,"minecraft:tropical_fish":1,"minecraft:peony":1,"crittersandcompanions:silk":3,"minecraft:carved_pumpkin":2,"minecraft:mutton":4,"alexsmobs:flying_fish":1,"minecraft:white_wool":3,"minecraft:cobblestone":215,"vampirism:garlic_diffuser_improved":2,"born_in_chaos_v1:corpse_maggot":10,"minecraft:feather":12,"minecraft:potato":10,"minecraft:birch_planks":2,"vampirism:stake":1,"minecraft:flint":2,"minecraft:oak_log":9,"minecraft:gunpowder":3,"iceandfire:armor_copper_metal_helmet":1,"iceandfire:dragonscales_bronze":12,"farmersdelight:flint_knife":1,"minecraft:dirt":4,"iceandfire:dragonsteel_ice_sword":2,"minecraft:lantern":1,"minecraft:bone":5,"wildwestguns2_3d:model_c_helmet":1,"minecraft:kelp":38,"minecraft:iron_ingot":1,"minecraft:stone_pickaxe":1,"minecraft:iron_sword":1,"minecraft:oak_planks":7,"minecraft:book":24,"minecraft:sculk_catalyst":1,"unusual_delight:warding_soul":2,"minecraft:birch_boat":1,"born_in_chaos_v1:ethereal_spirit":1,"minecraft:gravel":27,"iceandfire:shiny_scales":3,"minecraft:sand":1,"vampirism:crucifix_normal":3,"minecraft:ink_sac":3,"minecraft:white_bed":1,"minecraft:spruce_log":1,"argentinas_delight:yerbamate":7,"minecraft:spruce_door":2,"minecraft:barrel":3,"mahoutsukai:scroll_geas":1,"alexscaves:cooked_radgill":1,"vampirism:oil_bottle":1,"minecraft:granite":26,"mahoutsukai:dagger":1,"minecraft:bone_meal":1,"minecraft:emerald":2,"vampirism:vampire_orchid":1,"minecraft:baked_potato":1,"minecraft:oak_sapling":1,"minecraft:coal":143,"iceandfire:raw_silver":3},"minecraft:crafted":{"minecraft:oak_planks":36,"minecraft:furnace":1,"minecraft:iron_axe":1,"minecraft:stone_pickaxe":1,"minecraft:dark_oak_planks":4,"minecraft:red_dye":3,"minecraft:crafting_table":2,"minecraft:spruce_planks":4,"minecraft:wooden_pickaxe":1,"minecraft:dried_kelp":8,"minecraft:air":0,"minecraft:oak_boat":1,"vampirism:dark_spruce_planks":24,"minecraft:diamond_pickaxe":1,"minecraft:stick":72,"minecraft:iron_ingot":12,"minecraft:wooden_axe":1,"minecraft:iron_shovel":2,"minecraft:white_bed":1},"minecraft:killed_by":{"minecraft:player":2,"iceandfire:sea_serpent":2,"aqua_creepers:aqua_creeper":1,"minecraft:warden":1,"minecraft:zombie":2}},"DataVersion":3465}