{"stats":{"minecraft:mined":{"minecraft:fire":22,"minecraft:crafting_table":1,"minecraft:grass":2,"minecraft:grass_block":2,"minecraft:oak_log":4,"minecraft:oak_leaves":3},"minecraft:dropped":{"minecraft:gunpowder":1,"unusual_delight:soul":1,"minecraft:sculk_catalyst":1,"unusual_delight:warding_soul":2,"wom:antitheus":1,"minecraft:feather":2,"iceandfire:dragonsteel_ice_sword":2,"patchouli:guide_book":1},"minecraft:killed":{"minecraft:sheep":3,"alexsmobs:terrapin":1,"minecraft:chicken":2,"aqua_creepers:aqua_creeper":1,"crittersandcompanions:koi_fish":1},"minecraft:killed_by":{"minecraft:warden":1,"minecraft:player":2,"aqua_creepers:aqua_creeper":1},"minecraft:crafted":{"minecraft:oak_planks":20,"minecraft:crafting_table":1,"minecraft:stick":4,"minecraft:wooden_pickaxe":1,"minecraft:wooden_axe":1},"minecraft:picked_up":{"minecraft:sculk_catalyst":1,"minecraft:stick":2,"minecraft:crafting_table":1,"unusual_delight:warding_soul":2,"minecraft:feather":2,"minecraft:chicken":3,"minecraft:oak_log":5,"minecraft:gunpowder":1,"minecraft:dirt":2,"iceandfire:dragonsteel_ice_sword":2,"wom:antitheus":2,"mysticalagriculture:inferium_essence":2,"unusual_delight:soul":1,"crittersandcompanions:koi_fish":1,"minecraft:oak_sapling":1,"minecraft:mutton":4,"minecraft:white_wool":3,"minecraft:egg":1},"minecraft:custom":{"minecraft:time_since_rest":15469,"minecraft:sprint_one_cm":33637,"minecraft:damage_taken":1213,"minecraft:walk_one_cm":132907,"minecraft:mob_kills":8,"minecraft:drop":11,"minecraft:damage_dealt":876,"minecraft:swim_one_cm":19138,"minecraft:interact_with_crafting_table":1,"minecraft:fly_one_cm":26287,"minecraft:player_kills":1,"minecraft:crouch_one_cm":3121,"minecraft:play_time":43555,"minecraft:deaths":4,"minecraft:sneak_time":965,"minecraft:walk_under_water_one_cm":4882,"minecraft:boat_one_cm":174093,"minecraft:jump":267,"minecraft:time_since_death":15437,"minecraft:walk_on_water_one_cm":17784,"minecraft:total_world_time":43555,"minecraft:fall_one_cm":5415},"minecraft:used":{"minecraft:wooden_axe":1,"minecraft:chicken":3,"iceandfire:dragonsteel_ice_sword":7,"minecraft:mutton":4,"crittersandcompanions:koi_fish":1,"minecraft:dirt":2,"wom:antitheus":2,"minecraft:crafting_table":1,"minecraft:egg":1}},"DataVersion":3465}