{"stats":{"minecraft:mined":{"minecraft:large_amethyst_bud":1,"minecraft:spruce_planks":9,"minecraft:granite":86,"minecraft:budding_amethyst":2,"minecraft:grass_block":51,"vampirism:dark_spruce_log":20,"mysticalagriculture:inferium_ore":36,"minecraft:spawner":1,"minecraft:raw_iron_block":2,"minecraft:dark_oak_trapdoor":2,"minecraft:iron_ore":11,"minecraft:barrel":26,"minecraft:fire":3,"minecraft:deepslate_lapis_ore":45,"iceandfire:gold_pile":171,"minecraft:small_amethyst_bud":1,"minecraft:spruce_slab":2,"iceandfire:chared_cobblestone":48,"minecraft:deepslate_redstone_ore":32,"minecraft:red_bed":16,"minecraft:medium_amethyst_bud":1,"minecraft:amethyst_cluster":2,"born_in_chaos_v1:infected_deepslate_diamond_ore":4,"irons_spellbooks:arcane_debris":1,"minecraft:calcite":17,"minecraft:melon":3,"minecraft:chest":21,"mahoutsukai:mahoujin":2,"minecraft:cobblestone":1,"vampirism:dark_spruce_door":2,"minecraft:oak_planks":4,"minecraft:wall_torch":2,"minecraft:amethyst_block":29,"minecraft:deepslate_copper_ore":20,"farmersdelight:sandy_shrub":1,"minecraft:birch_log":1,"samurai_dynasty:deepslate_silver_ore":57,"samurai_dynasty:deepslate_jade_ore":36,"minecraft:grass":26,"minecraft:oak_log":126,"minecraft:sand":3,"minecraft:dirt":41,"mysticalagriculture:deepslate_prosperity_ore":35,"minecraft:smooth_basalt":18,"minecraft:oak_leaves":36,"mysticalagriculture:deepslate_inferium_ore":102,"minecraft:deepslate":5213,"iceandfire:chared_stone":69,"vampirism:dark_stone_bricks":45,"minecraft:diamond_ore":1,"minecraft:tuff":546,"minecraft:red_carpet":26,"iceandfire:silver_ore":5,"minecraft:deepslate_diamond_ore":45,"samurai_dynasty:deepslate_aquamarine_ore":26,"vampirism:altar_inspiration":2,"vampirism:altar_pillar":12,"minecraft:dark_oak_fence":1,"born_in_chaos_v1:black_argillite":39,"iceandfire:deepslate_silver_ore":7,"wildwestguns2_3d:silver_ore":2,"iceandfire:chared_dirt":3,"minecraft:spruce_leaves":1,"minecraft:large_fern":2,"minecraft:hay_block":2,"samurai_dynasty:aquamarine_ore":3,"minecraft:redstone_ore":1,"minecraft:andesite":49,"iceandfire:chared_gravel":5,"minecraft:bookshelf":15,"vampirism:altar_infusion":1,"minecraft:deepslate_iron_ore":204,"vampirism:dark_spruce_trapdoor":3,"vampirism:candelabra_wall":3,"minecraft:stone":461,"samurai_dynasty:deepslate_onyx_ore":5,"farmersdelight:cooking_pot":2,"vampirism:dark_stone":411,"minecraft:lily_of_the_valley":1,"minecraft:crafting_table":4,"minecraft:emerald_ore":24,"minecraft:rose_bush":2,"minecraft:copper_ore":51,"minecraft:tall_grass":7,"vampirism:vampire_rack":1,"minecraft:lapis_ore":2,"minecraft:deepslate_gold_ore":82,"vampirism:candelabra":2,"minecraft:diorite":53,"farmersdelight:wild_beetroots":7,"minecraft:sweet_berry_bush":6,"iceandfire:ash":1,"minecraft:coal_ore":94,"minecraft:cyan_carpet":1,"minecraft:gravel":194,"minecraft:gray_carpet":2,"vintagedelight:wild_cucumbers":15,"vampirism:blood_pedestal":1,"minecraft:fern":1,"vampirism:altar_tip":4},"minecraft:broken":{"minecraft:iron_boots":1,"minecraft:iron_chestplate":1,"minecraft:iron_leggings":2,"minecraft:diamond_pickaxe":5,"securitycraft:universal_block_reinforcer_lvl1":1,"minecraft:iron_helmet":1},"minecraft:dropped":{"wildwestguns2_3d:bullet_4570":4,"wildwestguns2_3d:bullet_4440":2,"wildwestguns2_3d:springfield_trapdoor_rifle":1,"minecraft:oak_log":2,"minecraft:glow_berries":1,"youkaishomecoming:raw_lamprey":2,"minecraft:chest_minecart":56,"wildwestguns2_3d:rifleload":3,"minecraft:red_carpet":1,"wom:ruine":1,"iceandfire:sea_serpent_scales_red":1,"alexsmobs:flying_fish":1,"minecraft:cooked_cod":2,"vampirism:injection_sanguinare":1,"iceandfire:dragonsteel_ice_sword":1,"minecraft:gold_nugget":64,"unusual_delight:spider_leg":2,"minecraft:iron_pickaxe":5,"minecraft:gravel":44,"alexsmobs:animal_dictionary":1,"minecraft:cobbled_deepslate":162,"wildwestguns2_3d:ferguson_rifle":1,"vampirism:blood_bottle":1,"sophisticatedbackpacks:diamond_backpack":1,"patchouli:guide_book":2,"minecraft:charcoal":1,"mysticalagriculture:inferium_essence":1,"alexscaves:cooked_lanternfish":1,"minecraft:spruce_wood":36,"minecraft:arrow":1,"minecraft:beef":11,"minecraft:powered_rail":2,"minecraft:water_bucket":3,"minecraft:egg":22,"farmersdelight:tomato_seeds":2,"minecraft:netherite_pickaxe":2,"minecraft:iron_helmet":1,"minecraft:salmon_bucket":1,"minecraft:granite":21,"minecraft:stick":70,"minecraft:sculk_catalyst":1,"born_in_chaos_v1:fused_bone":1,"minecraft:cooked_salmon":1,"mahoutsukai:scroll_geas":2,"wildwestguns2_3d:bullet_22":2,"wildwestguns2_3d:colt_navy":2,"vampirism:injection_garlic":1,"iceandfire:dragonbone":2,"minecraft:kelp":2,"securitycraft:universal_block_reinforcer_lvl3":2,"mahoutsukai:dagger":1,"minecraft:bowl":2,"born_in_chaos_v1:rotten_fish":1,"alexsmobs:blobfish":2,"minecraft:clay_ball":4,"minecraft:iron_boots":1,"alexscaves:cooked_tripodfish":1,"butcher:butchersguidebook":1,"alexscaves:radgill":1,"minecraft:spruce_planks":12,"minecraft:diamond_pickaxe":1,"wom:antitheus":1,"aquamirae:spinefish":1,"securitycraft:universal_block_reinforcer_lvl1":1,"samurai_dynasty:raw_silver":3},"minecraft:custom":{"vampirism:interact_with_altar_of_infusion":11,"vampirism:action_time_vampire_rage":2078,"minecraft:interact_with_crafting_table":44,"minecraft:open_barrel":180,"minecraft:leave_game":18,"minecraft:time_since_death":259691,"minecraft:sprint_one_cm":1070789,"minecraft:damage_blocked_by_shield":233,"minecraft:drop":160,"vampirism:interact_with_coffin":1,"vampirism:interact_with_totem":7,"minecraft:talked_to_villager":19,"minecraft:play_time":688608,"minecraft:deaths":20,"minecraft:jump":4584,"minecraft:walk_on_water_one_cm":45907,"vampirism:altar_of_inspiration_rituals_performed":22,"minecraft:traded_with_villager":2,"vampirism:action_used_bat":4,"minecraft:sleep_in_bed":6,"vampirism:actions_used":27,"vampirism:altar_of_infusion_rituals_performed":2,"vampirism:action_used_regen":5,"minecraft:damage_dealt":16026,"minecraft:player_kills":4,"minecraft:crouch_one_cm":37924,"vampirism:action_used_teleport":4,"minecraft:interact_with_smoker":3,"minecraft:interact_with_anvil":1,"minecraft:mob_kills":282,"vampirism:action_time_bat":1559,"minecraft:damage_dealt_resisted":11905,"minecraft:climb_one_cm":17452,"vampirism:amount_bitten":53,"minecraft:walk_one_cm":1528675,"vampirism:action_time_regen":1995,"vampirism:skills_unlocked":130,"vampirism:capture_village":1,"vampirism:action_used_freeze":6,"minecraft:damage_dealt_absorbed":80,"vampirism:interact_with_altar_inspiration":44,"minecraft:sneak_time":20098,"minecraft:walk_under_water_one_cm":62378,"minecraft:boat_one_cm":192825,"minecraft:interact_with_blast_furnace":44,"minecraft:total_world_time":688608,"vampirism:win_village_capture":1,"vampirism:interact_with_injection_chair":2,"vampirism:blood_drunk":116400,"minecraft:tune_noteblock":1,"vampirism:action_used_dark_blood_projectile":5,"minecraft:time_since_rest":259721,"vampirism:resurrected":16,"minecraft:damage_taken":3170818,"minecraft:swim_one_cm":43866,"minecraft:fly_one_cm":1286891,"vampirism:action_used_vampire_rage":3,"minecraft:open_chest":612,"minecraft:fall_one_cm":82466},"minecraft:picked_up":{"irons_spellbooks:scroll":4,"minecraft:iron_chestplate":2,"minecraft:wheat":32,"alexscaves:radgill":1,"minecraft:lead":2,"minecraft:enchanted_book":5,"minecraft:potion":1,"cuisinedelight:spatula":1,"vampirism:pure_salt_water":1,"minecraft:amethyst_block":18,"born_in_chaos_v1:black_argillite":39,"vampirism:holy_water_bottle_normal":17,"iceandfire:manuscript":10,"minecraft:string":20,"vampirism:armor_of_swiftness_head_ultimate":1,"minecraft:dark_oak_trapdoor":2,"minecraft:raw_copper":250,"minecraft:cooked_salmon":5,"vampirism:blood_pedestal":1,"minecraft:iron_leggings":1,"minecraft:purple_banner":1,"minecraft:experience_bottle":1,"vampirism:obi_belt":12,"minecraft:activator_rail":13,"irons_spellbooks:arcane_essence":39,"mysticalagriculture:inferium_essence":832,"minecraft:gold_nugget":1502,"minecraft:cobbled_deepslate":3202,"minecraft:spruce_planks":16,"wildwestguns2_3d:colt_navy":2,"samurai_dynasty:raw_silver":57,"minecraft:rose_bush":2,"roundabout:max_the_world_disc":1,"unusual_delight:soul":6,"minecraft:calcite":14,"samurai_dynasty:onyx":5,"minecraft:iron_pickaxe":5,"minecraft:enchanted_golden_apple":1,"minecraft:melon_slice":13,"farmersdelight:cabbage_seeds":23,"minecraft:iron_boots":5,"iceandfire:pixie_dust":1,"wom:herrscher":1,"minecraft:stick":34,"born_in_chaos_v1:shattered_skull":1,"minecraft:torch":197,"mysticalagriculture:prosperity_shard":79,"epicfight:skillbook":11,"minecraft:porkchop":3,"vampirism:holy_water_bottle_enhanced":15,"vampirism:dark_spruce_trapdoor":2,"vampirism:vampire_fang":22,"minecraft:diorite":48,"vampirism:amulet":10,"youkaishomecoming:raw_lamprey":2,"vampirism:blood_bottle":11,"minecraft:rotten_flesh":77,"minecraft:tropical_fish":4,"wildwestguns2_3d:springfield_trapdoor_rifle":1,"minecraft:salmon_bucket":3,"iceandfire:fire_dragon_heart":1,"minecraft:iron_block":2,"farmersdelight:rope":100,"irons_spellbooks:arcane_debris":1,"minecraft:cod":22,"vampirism:heart_seeker_enhanced":4,"alexsmobs:flying_fish":1,"minecraft:cobblestone":495,"minecraft:birch_log":1,"vampirism:vampire_book":2,"minecraft:feather":5,"farmersdelight:rice":30,"minecraft:water_bucket":1,"minecraft:andesite":46,"minecraft:flint":16,"minecraft:tuff":458,"roundabout:max_justice_disc":2,"minecraft:lapis_lazuli":344,"iceandfire:dragonscales_bronze":11,"minecraft:dirt":524,"iceandfire:dragonsteel_ice_sword":1,"iceandfire:dragonbone_sword_ice":1,"minecraft:name_tag":5,"born_in_chaos_v1:monster_skin":1,"minecraft:bone":43,"minecraft:wheat_seeds":13,"vampirism:altar_pillar":12,"minecraft:raw_gold":78,"vampirism:pure_blood_1":1,"vampirism:item_garlic":13,"minecraft:powered_rail":7,"alexsmobs:blobfish":2,"minecraft:oak_planks":4,"vampirism:armor_of_swiftness_feet_ultimate":2,"securitycraft:universal_block_reinforcer_lvl3":2,"unusual_delight:warding_soul":3,"wildwestguns2_3d:bullet_4570":4,"mowziesdelight:nagi_tail":1,"patchouli:guide_book":3,"vampirism:ring":4,"vintagedelight:cucumber":3,"iceandfire:dragon_skull_fire":1,"minecraft:sand":2,"iceandfire:stymphalian_bird_feather":2,"minecraft:ink_sac":4,"minecraft:barrel":25,"alexsmobs:animal_dictionary":1,"iceandfire:chared_cobblestone":45,"iceandfire:dragonegg_red":1,"minecraft:diamond":51,"vampirism:dark_spruce_door":2,"vampirism:injection_sanguinare":1,"minecraft:granite":102,"mahoutsukai:dagger":1,"minecraft:golden_apple":8,"minecraft:spruce_sign":3,"minecraft:emerald":76,"minecraft:bread":29,"minecraft:oak_sapling":4,"born_in_chaos_v1:rotten_fish":3,"irons_spellbooks:uncommon_ink":1,"minecraft:dark_oak_fence":1,"iceandfire:silver_nugget":6,"iceandfire:raw_silver":12,"minecraft:diamond_pickaxe":2,"sophisticatedbackpacks:gold_backpack":1,"minecraft:fishing_rod":1,"unusual_delight:spider_leg":4,"minecraft:charcoal":6,"minecraft:crafting_table":4,"born_in_chaos_v1:diamond_termite_shard":5,"vampirism:dark_spruce_log":20,"minecraft:clay_ball":4,"minecraft:chest_minecart":30,"minecraft:gold_block":3,"vampirism:heart_striker_enhanced":4,"minecraft:chain":13,"minecraft:red_bed":16,"wildwestguns2_3d:silver_ore":2,"minecraft:flint_and_steel":3,"alexscaves:cooked_tripodfish":1,"minecraft:compass":1,"minecraft:cyan_carpet":2,"minecraft:candle":3,"minecraft:detector_rail":19,"minecraft:beef":11,"minecraft:oak_boat":1,"minecraft:spruce_slab":2,"minecraft:chest":19,"samurai_dynasty:aquamarine":28,"tameablebeasts:purple_allay":2,"minecraft:egg":32,"minecraft:raw_iron":206,"iceandfire:dragonbone":28,"iceandfire:dragonscales_green":52,"minecraft:copper_ingot":3,"minecraft:bowl":3,"sophisticatedbackpacks:backpack":1,"farmersdelight:tomato_seeds":16,"minecraft:redstone":131,"minecraft:netherite_pickaxe":1,"minecraft:prismarine_crystals":2,"vintagedelight:cucumber_seeds":11,"minecraft:tnt":6,"minecraft:arrow":4,"minecraft:cooked_cod":11,"vampirism:cobbled_dark_stone":303,"minecraft:beetroot_seeds":26,"vampirism:altar_inspiration":2,"minecraft:pumpkin_pie":4,"minecraft:shears":1,"iceandfire:chared_dirt":2,"minecraft:hay_block":1,"born_in_chaos_v1:spiny_shell":3,"minecraft:gold_ingot":21,"minecraft:totem_of_undying":1,"sophisticatedbackpacks:copper_backpack":4,"minecraft:glow_berries":26,"minecraft:skeleton_skull":1,"minecraft:rail":147,"born_in_chaos_v1:fused_bone":1,"born_in_chaos_v1:corpse_maggot":6,"mahoutsukai:scroll_reality_marble":1,"iceandfire:dragonegg_green":1,"minecraft:air":0,"vampirism:vampire_blood_bottle":1,"born_in_chaos_v1:monster_flesh":1,"iceandfire:sea_serpent_fang":11,"minecraft:golden_carrot":1,"minecraft:glow_ink_sac":3,"minecraft:salmon":17,"minecraft:leather":4,"samurai_dynasty:jade":36,"aquamirae:spinefish":1,"minecraft:filled_map":2,"minecraft:oak_log":127,"iceandfire:ectoplasm":2,"vampirism:armor_of_swiftness_legs_ultimate":1,"mowziesmobs:wrought_axe":1,"minecraft:gunpowder":110,"vampirism:item_candelabra":5,"farmersdelight:skillet":3,"wildwestguns2_3d:bullet_22":2,"minecraft:paper":10,"irons_spellbooks:common_ink":1,"minecraft:red_carpet":25,"vampirism:human_heart":32,"ice_and_fire_delight:sea_serpent_meat":9,"minecraft:stone_bricks":7,"minecraft:gray_carpet":4,"farmersdelight:cooking_pot":4,"minecraft:kelp":18,"minecraft:heart_of_the_sea":1,"minecraft:spruce_wood":39,"minecraft:iron_ingot":130,"minecraft:cobweb":23,"securitycraft:universal_block_reinforcer_lvl1":1,"vampirism:holy_water_bottle_ultimate":7,"minecraft:iron_sword":4,"iceandfire:fire_dragon_flesh":5,"sophisticatedbackpacks:diamond_backpack":3,"minecraft:book":53,"minecraft:sculk_catalyst":6,"iceandfire:chared_stone":59,"minecraft:smooth_basalt":14,"minecraft:milk_bucket":1,"minecraft:sweet_berries":50,"born_in_chaos_v1:ethereal_spirit":1,"iceandfire:ash":1,"minecraft:quartz":18,"minecraft:raw_iron_block":2,"minecraft:gravel":112,"born_in_chaos_v1:dark_rod":1,"wildwestguns2_3d:ferguson_rifle":1,"minecraft:amethyst_shard":8,"mowziesmobs:wrought_helmet":1,"minecraft:soul_torch":1,"vampirism:heart_seeker_ultimate":1,"vampirism:altar_infusion":1,"vampirism:hunter_axe_ultimate":1,"minecraft:leather_helmet":1,"vampirism:vampire_rack":1,"minecraft:pumpkin_seeds":8,"vampirism:blood_container":3,"vampirism:altar_tip":4,"vampirism:dark_stone_bricks":44,"minecraft:iron_helmet":6,"iceandfire:sea_serpent_scales_red":2,"wildwestguns2_3d:rifleload":1,"minecraft:melon_seeds":9,"alexscaves:cooked_lanternfish":1,"minecraft:coal":164,"minecraft:ender_pearl":1},"minecraft:killed":{"vampirism:vampire":6,"born_in_chaos_v1:restless_spirit":2,"born_in_chaos_v1:zombie_lumberjack":1,"minecraft:spider":3,"iceandfire:stymphalian_bird":2,"born_in_chaos_v1:siamese_skeletonsright":1,"vampirism:blinding_bat":1,"vampirism:task_master_hunter":1,"minecraft:chicken":1,"vampirism:advanced_hunter":8,"minecraft:parrot":5,"minecraft:pig":3,"vampirism:hunter_trainer":1,"born_in_chaos_v1:diamond_termite":7,"irons_spellbooks:necromancer":1,"vampirism:hunter":104,"minecraft:sheep":1,"minecraft:trader_llama":2,"minecraft:pillager":22,"minecraft:zombie":5,"born_in_chaos_v1:dread_hound":1,"alexsmobs:terrapin":1,"born_in_chaos_v1:corpse_fly":5,"iceandfire:pixie":1,"born_in_chaos_v1:door_knight":2,"iceandfire:sea_serpent":2,"born_in_chaos_v1:siamese_skeletonsleft":2,"mowziesmobs:naga":4,"minecraft:evoker":1,"minecraft:vindicator":19,"born_in_chaos_v1:thornshell_crab":1,"born_in_chaos_v1:zombie_bruiser":2,"born_in_chaos_v1:maggot":2,"mowziesmobs:ferrous_wroughtnaut":1,"iceandfire:fire_dragon":1,"crittersandcompanions:otter":1,"minecraft:warden":2,"born_in_chaos_v1:barrel_zombie":1,"born_in_chaos_v1:baby_skeleton":5,"crittersandcompanions:ferret":1,"vampirism:villager_angry":3,"born_in_chaos_v1:decrepit_skeleton":7,"born_in_chaos_v1:decaying_zombie":1,"iceandfire:ghost":2,"born_in_chaos_v1:dark_vortex":1,"aqua_creepers:aqua_creeper":6,"minecraft:villager":7,"minecraft:enderman":1},"minecraft:crafted":{"minecraft:oak_planks":256,"roundabout:match_bundle":64,"mahoutsukai:mortar":1,"roundabout:gasoline_can":4,"minecraft:chest":1,"roundabout:match":256,"minecraft:glass_bottle":18,"sophisticatedbackpacks:backpack":1,"minecraft:crafting_table":7,"minecraft:spruce_planks":16,"minecraft:wooden_pickaxe":1,"mahoutsukai:pestle":1,"minecraft:copper_ingot":250,"mahoutsukai:spell_cloth":16,"mahoutsukai:powdered_diamond":4,"sophisticatedbackpacks:diamond_backpack":1,"minecraft:stick":404,"minecraft:iron_ingot":260,"minecraft:iron_block":14,"minecraft:gold_ingot":280,"minecraft:raw_iron":18,"minecraft:iron_nugget":288,"crittersandcompanions:iron_dragonfly_armor":2,"roundabout:knife_bundle":65,"minecraft:jungle_sapling":2,"vampiresneedumbrellas:red_diamond_umbrella":2,"minecraft:wheat":9,"sophisticatedbackpacks:iron_backpack":1,"roundabout:knife":256,"mahoutsukai:mortar_and_pestle":1,"crittersandcompanions:gold_dragonfly_armor":1,"sophisticatedbackpacks:gold_backpack":1,"minecraft:air":0,"minecraft:oak_boat":3,"vampiresneedumbrellas:diamond_umbrella_rod":4},"minecraft:killed_by":{"iceandfire:sea_serpent":1,"vampirism:hunter":6,"iceandfire:fire_dragon":1,"mowziesmobs:ferrous_wroughtnaut":5,"irons_spellbooks:necromancer":1},"minecraft:used":{"irons_spellbooks:inscription_table":2,"vampirism:altar_infusion":1,"vampirism:heart_striker_enhanced":3,"farmersdelight:stove":1,"minecraft:chest":99,"minecraft:iron_sword":12,"minecraft:stone":16,"vampirism:blood_container":6,"minecraft:rotten_flesh":1,"securitycraft:keypad_item":1,"roundabout:gasoline_can":16,"iceandfire:chain":15,"minecraft:warden_spawn_egg":3,"minecraft:villager_spawn_egg":16,"wom:tormented_mind":5,"roundabout:match_bundle":14,"minecraft:dark_oak_slab":2,"minecraft:stone_bricks":1,"minecraft:bedrock":4,"butcher:blood_liquid_bucket":2,"minecraft:sweet_berries":91,"minecraft:furnace":4,"epicfight:skillbook":2,"minecraft:oak_planks":96,"minecraft:gray_carpet":2,"securitycraft:keypad_frame":1,"vampirism:human_heart":38,"vampirism:item_candelabra":5,"minecraft:smooth_quartz_stairs":2,"minecraft:stripped_mangrove_wood":1,"minecraft:blast_furnace":13,"sophisticatedbackpacks:backpack":1,"vampirism:altar_pillar":13,"vampirism:hunter_trainer_spawn_egg":2,"minecraft:diamond_sword":13,"minecraft:dark_oak_fence":1,"minecraft:andesite":14,"minecraft:bone_meal":64,"vampirism:med_chair":3,"minecraft:oak_boat":2,"mahoutsukai:spell_cloth":1,"minecraft:rose_bush":2,"minecraft:flint_and_steel":2,"minecraft:spruce_planks":6,"securitycraft:scanner_trapdoor":1,"minecraft:torch":10,"minecraft:dirt":3,"minecraft:anvil":1,"vampirism:advanced_vampire_hunter_spawn_egg":5,"mysticalagriculture:awakened_supremium_axe":9,"born_in_chaos_v1:supreme_measure":11,"minecraft:dark_oak_planks":84,"vampirism:blood_pedestal":1,"iceandfire:dragon_bone_wall":10,"roundabout:wooden_glaive":1,"irons_spellbooks:arcane_debris":1,"minecraft:totem_of_undying":1,"roundabout:knife":13,"vampirism:dark_spruce_log":6,"wom:antitheus":3,"minecraft:netherite_pickaxe":1,"torchmaster:megatorch":14,"securitycraft:reinforced_dark_oak_planks":2,"minecraft:cobbled_deepslate":33,"minecraft:calcite":3,"minecraft:iron_leggings":2,"vampirism:altar_inspiration":4,"farmersdelight:skillet":1,"minecraft:dirt_path":1,"wom:herrscher":58,"securitycraft:scanner_door_item":1,"iceandfire:chared_dirt":2,"minecraft:crafting_table":14,"minecraft:red_bed":8,"minecraft:smoker":7,"roundabout:knife_bundle":3,"minecraft:oak_log":3,"vampirism:coffin_yellow":1,"minecraft:diamond_pickaxe":8204,"minecraft:command_block":1,"iceandfire:ash":1,"vampirism:altar_tip":4,"irons_spellbooks:scroll_forge":1,"roundabout:gasoline_bucket":8,"minecraft:cobblestone":19,"irons_spellbooks:arcane_anvil":1,"minecraft:splash_potion":175}},"DataVersion":3465}