{"stats":{"minecraft:mined":{"minecraft:grass_block":1},"minecraft:killed":{"minecraft:pig":2,"crittersandcompanions:otter":1,"minecraft:warden":2},"minecraft:dropped":{"butcher:butchersguidebook":1,"wildwestguns2_3d:bullet_4570":4,"wildwestguns2_3d:bullet_4440":2,"wildwestguns2_3d:springfield_trapdoor_rifle":1,"minecraft:sculk_catalyst":1,"alexsmobs:animal_dictionary":1,"vampirism:injection_sanguinare":1,"wildwestguns2_3d:ferguson_rifle":1,"wildwestguns2_3d:bullet_22":2,"wildwestguns2_3d:colt_navy":2,"wildwestguns2_3d:rifleload":3,"vampirism:injection_garlic":1,"patchouli:guide_book":2},"minecraft:picked_up":{"unusual_delight:warding_soul":3,"wildwestguns2_3d:bullet_4570":3,"patchouli:guide_book":2,"wildwestguns2_3d:ferguson_rifle":1,"roundabout:max_justice_disc":2,"cuisinedelight:spatula":1,"wildwestguns2_3d:bullet_22":1,"alexsmobs:animal_dictionary":1,"minecraft:dirt":1,"minecraft:bone":1,"minecraft:rotten_flesh":13,"wildwestguns2_3d:springfield_trapdoor_rifle":1,"vampirism:injection_sanguinare":1,"minecraft:wheat_seeds":1,"mysticalagriculture:inferium_essence":3,"wildwestguns2_3d:colt_navy":1,"unusual_delight:soul":3,"roundabout:max_the_world_disc":1,"wildwestguns2_3d:rifleload":1,"minecraft:sculk_catalyst":4},"minecraft:custom":{"minecraft:time_since_rest":60269,"minecraft:sprint_one_cm":68026,"minecraft:walk_one_cm":124674,"minecraft:interact_with_anvil":1,"minecraft:mob_kills":17,"minecraft:drop":22,"vampirism:skills_unlocked":1,"minecraft:damage_dealt":11828,"minecraft:fly_one_cm":167235,"minecraft:player_kills":3,"minecraft:open_barrel":6,"minecraft:open_chest":4,"minecraft:crouch_one_cm":5021,"minecraft:play_time":65064,"minecraft:deaths":1,"minecraft:sneak_time":1940,"minecraft:jump":558,"minecraft:interact_with_blast_furnace":1,"minecraft:leave_game":4,"minecraft:walk_on_water_one_cm":44,"minecraft:time_since_death":60242,"minecraft:total_world_time":65064,"vampirism:interact_with_injection_chair":2},"minecraft:used":{"minecraft:warden_spawn_egg":3,"born_in_chaos_v1:supreme_measure":1,"minecraft:dirt_path":1,"wom:herrscher":3,"roundabout:wooden_glaive":1,"wom:tormented_mind":5,"minecraft:stone":16,"minecraft:anvil":1,"minecraft:diamond_sword":13,"minecraft:dirt":1,"roundabout:knife":13,"wom:antitheus":3,"vampirism:med_chair":3,"torchmaster:megatorch":14,"mysticalagriculture:awakened_supremium_axe":9,"minecraft:splash_potion":26}},"DataVersion":3465}