{"stats":{"minecraft:mined":{"minecraft:grass_block":1},"minecraft:killed":{"minecraft:pig":2,"alexsmobs:terrapin":1,"minecraft:chicken":1,"crittersandcompanions:otter":1,"minecraft:warden":2},"minecraft:dropped":{"butcher:butchersguidebook":1,"wildwestguns2_3d:bullet_4570":4,"wildwestguns2_3d:bullet_4440":2,"wildwestguns2_3d:springfield_trapdoor_rifle":1,"securitycraft:universal_block_reinforcer_lvl3":2,"minecraft:oak_log":2,"minecraft:sculk_catalyst":1,"alexsmobs:animal_dictionary":1,"wom:antitheus":1,"vampirism:injection_sanguinare":1,"iceandfire:dragonsteel_ice_sword":1,"wildwestguns2_3d:ferguson_rifle":1,"wildwestguns2_3d:bullet_22":2,"wildwestguns2_3d:colt_navy":2,"wildwestguns2_3d:rifleload":3,"vampirism:injection_garlic":1,"patchouli:guide_book":2,"wom:ruine":1},"minecraft:picked_up":{"securitycraft:universal_block_reinforcer_lvl3":2,"unusual_delight:warding_soul":3,"wildwestguns2_3d:bullet_4570":4,"patchouli:guide_book":3,"wildwestguns2_3d:ferguson_rifle":1,"roundabout:max_justice_disc":2,"cuisinedelight:spatula":1,"wildwestguns2_3d:bullet_22":2,"alexsmobs:animal_dictionary":1,"minecraft:dirt":1,"iceandfire:dragonsteel_ice_sword":1,"iceandfire:dragonbone_sword_ice":1,"minecraft:bone":1,"minecraft:rotten_flesh":13,"wildwestguns2_3d:springfield_trapdoor_rifle":1,"vampirism:injection_sanguinare":1,"minecraft:wheat_seeds":1,"mysticalagriculture:inferium_essence":3,"wildwestguns2_3d:colt_navy":2,"unusual_delight:soul":3,"roundabout:max_the_world_disc":1,"wildwestguns2_3d:rifleload":1,"minecraft:sculk_catalyst":4},"minecraft:custom":{"minecraft:time_since_rest":72269,"minecraft:sprint_one_cm":94754,"minecraft:walk_one_cm":152610,"minecraft:interact_with_anvil":1,"minecraft:mob_kills":19,"minecraft:drop":29,"vampirism:skills_unlocked":1,"minecraft:damage_dealt":11828,"minecraft:fly_one_cm":214967,"minecraft:player_kills":3,"minecraft:open_barrel":6,"minecraft:open_chest":4,"minecraft:crouch_one_cm":5929,"minecraft:play_time":77064,"minecraft:deaths":1,"minecraft:sneak_time":2426,"minecraft:jump":736,"minecraft:interact_with_blast_furnace":1,"minecraft:leave_game":4,"minecraft:walk_on_water_one_cm":1428,"minecraft:time_since_death":72242,"minecraft:total_world_time":77064,"vampirism:interact_with_injection_chair":2},"minecraft:used":{"minecraft:warden_spawn_egg":3,"born_in_chaos_v1:supreme_measure":1,"minecraft:dirt_path":1,"wom:herrscher":3,"roundabout:wooden_glaive":1,"wom:tormented_mind":5,"minecraft:stone":16,"minecraft:anvil":1,"minecraft:diamond_sword":13,"minecraft:dirt":1,"roundabout:knife":13,"wom:antitheus":3,"vampirism:med_chair":3,"torchmaster:megatorch":14,"mysticalagriculture:awakened_supremium_axe":9,"minecraft:splash_potion":175}},"DataVersion":3465}