{"stats":{"minecraft:mined":{"minecraft:grass_block":1},"minecraft:killed":{"minecraft:pig":2,"crittersandcompanions:otter":1},"minecraft:dropped":{"butcher:butchersguidebook":1,"wildwestguns2_3d:bullet_4570":3,"wildwestguns2_3d:bullet_4440":1,"wildwestguns2_3d:springfield_trapdoor_rifle":1,"alexsmobs:animal_dictionary":1,"vampirism:injection_sanguinare":1,"wildwestguns2_3d:ferguson_rifle":1,"wildwestguns2_3d:bullet_22":1,"wildwestguns2_3d:colt_navy":1,"wildwestguns2_3d:rifleload":3,"vampirism:injection_garlic":1,"patchouli:guide_book":2},"minecraft:picked_up":{"wildwestguns2_3d:bullet_4570":3,"patchouli:guide_book":2,"wildwestguns2_3d:ferguson_rifle":1,"roundabout:max_justice_disc":2,"cuisinedelight:spatula":1,"wildwestguns2_3d:bullet_22":1,"alexsmobs:animal_dictionary":1,"minecraft:dirt":1,"minecraft:bone":1,"minecraft:rotten_flesh":13,"wildwestguns2_3d:springfield_trapdoor_rifle":1,"vampirism:injection_sanguinare":1,"minecraft:wheat_seeds":1,"mysticalagriculture:inferium_essence":2,"wildwestguns2_3d:colt_navy":1,"roundabout:max_the_world_disc":1},"minecraft:custom":{"minecraft:time_since_rest":48269,"minecraft:sprint_one_cm":57531,"minecraft:walk_one_cm":94775,"minecraft:mob_kills":15,"minecraft:drop":17,"vampirism:skills_unlocked":1,"minecraft:damage_dealt":446,"minecraft:fly_one_cm":154041,"minecraft:player_kills":1,"minecraft:open_barrel":6,"minecraft:open_chest":4,"minecraft:crouch_one_cm":4430,"minecraft:play_time":53064,"minecraft:deaths":1,"minecraft:sneak_time":1757,"minecraft:jump":468,"minecraft:interact_with_blast_furnace":1,"minecraft:leave_game":4,"minecraft:walk_on_water_one_cm":44,"minecraft:time_since_death":48242,"minecraft:total_world_time":53064,"vampirism:interact_with_injection_chair":2},"minecraft:used":{"minecraft:dirt_path":1,"wom:herrscher":3,"roundabout:wooden_glaive":1,"minecraft:stone":16,"minecraft:dirt":1,"roundabout:knife":13,"vampirism:med_chair":3,"torchmaster:megatorch":14,"minecraft:splash_potion":26}},"DataVersion":3465}