{"stats":{"minecraft:killed":{"minecraft:evoker":1,"born_in_chaos_v1:restless_spirit":1,"minecraft:spider":3,"minecraft:vindicator":19,"born_in_chaos_v1:thornshell_crab":1,"iceandfire:stymphalian_bird":2,"born_in_chaos_v1:siamese_skeletonsright":1,"born_in_chaos_v1:maggot":2,"iceandfire:fire_dragon":1,"vampirism:task_master_hunter":1,"minecraft:chicken":1,"vampirism:advanced_hunter":1,"crittersandcompanions:otter":1,"minecraft:warden":2,"born_in_chaos_v1:barrel_zombie":1,"minecraft:parrot":5,"minecraft:pig":2,"born_in_chaos_v1:baby_skeleton":3,"vampirism:villager_angry":3,"born_in_chaos_v1:decrepit_skeleton":4,"vampirism:hunter":86,"minecraft:sheep":1,"minecraft:pillager":22,"born_in_chaos_v1:decaying_zombie":1,"minecraft:zombie":5,"iceandfire:ghost":2,"alexsmobs:terrapin":1,"aqua_creepers:aqua_creeper":6,"born_in_chaos_v1:door_knight":1,"minecraft:villager":7,"born_in_chaos_v1:siamese_skeletonsleft":2,"iceandfire:sea_serpent":2,"mowziesmobs:naga":4},"minecraft:killed_by":{"iceandfire:sea_serpent":1,"irons_spellbooks:necromancer":1,"vampirism:hunter":5,"iceandfire:fire_dragon":1},"minecraft:dropped":{"wildwestguns2_3d:bullet_4570":4,"wildwestguns2_3d:bullet_4440":2,"wildwestguns2_3d:springfield_trapdoor_rifle":1,"minecraft:oak_log":2,"minecraft:iron_helmet":1,"minecraft:salmon_bucket":1,"youkaishomecoming:raw_lamprey":2,"wildwestguns2_3d:rifleload":3,"wom:ruine":1,"minecraft:red_carpet":1,"minecraft:stick":70,"iceandfire:sea_serpent_scales_red":1,"minecraft:sculk_catalyst":1,"alexsmobs:flying_fish":1,"minecraft:cooked_cod":2,"minecraft:cooked_salmon":1,"born_in_chaos_v1:fused_bone":1,"iceandfire:dragonsteel_ice_sword":1,"vampirism:injection_sanguinare":1,"mahoutsukai:scroll_geas":2,"minecraft:gold_nugget":64,"wildwestguns2_3d:bullet_22":2,"unusual_delight:spider_leg":2,"wildwestguns2_3d:colt_navy":2,"minecraft:iron_pickaxe":5,"vampirism:injection_garlic":1,"iceandfire:dragonbone":2,"minecraft:kelp":2,"securitycraft:universal_block_reinforcer_lvl3":2,"alexsmobs:animal_dictionary":1,"minecraft:bowl":2,"mahoutsukai:dagger":1,"born_in_chaos_v1:rotten_fish":1,"alexsmobs:blobfish":2,"minecraft:clay_ball":4,"minecraft:iron_boots":1,"wildwestguns2_3d:ferguson_rifle":1,"sophisticatedbackpacks:diamond_backpack":1,"patchouli:guide_book":2,"alexscaves:cooked_tripodfish":1,"butcher:butchersguidebook":1,"alexscaves:radgill":1,"minecraft:spruce_planks":12,"minecraft:charcoal":1,"mysticalagriculture:inferium_essence":1,"wom:antitheus":1,"aquamirae:spinefish":1,"alexscaves:cooked_lanternfish":1,"minecraft:spruce_wood":36,"minecraft:arrow":1,"minecraft:beef":11,"minecraft:egg":22},"minecraft:custom":{"minecraft:interact_with_anvil":1,"minecraft:mob_kills":212,"minecraft:interact_with_crafting_table":35,"minecraft:open_barrel":179,"minecraft:damage_dealt_resisted":7118,"minecraft:leave_game":13,"minecraft:time_since_death":49568,"minecraft:climb_one_cm":6375,"vampirism:amount_bitten":34,"minecraft:sprint_one_cm":505672,"minecraft:walk_one_cm":536616,"minecraft:damage_blocked_by_shield":200,"minecraft:drop":84,"vampirism:interact_with_totem":7,"vampirism:skills_unlocked":14,"vampirism:capture_village":1,"minecraft:damage_dealt_absorbed":80,"minecraft:talked_to_villager":16,"minecraft:play_time":313683,"minecraft:sneak_time":8159,"minecraft:deaths":14,"minecraft:walk_under_water_one_cm":48668,"minecraft:boat_one_cm":192825,"minecraft:jump":2851,"minecraft:interact_with_blast_furnace":5,"minecraft:walk_on_water_one_cm":31831,"minecraft:total_world_time":313683,"vampirism:win_village_capture":1,"vampirism:blood_drunk":34600,"vampirism:interact_with_injection_chair":2,"minecraft:tune_noteblock":1,"minecraft:sleep_in_bed":4,"minecraft:time_since_rest":8784,"vampirism:resurrected":3,"minecraft:damage_taken":3159597,"minecraft:damage_dealt":14052,"minecraft:player_kills":4,"minecraft:swim_one_cm":18527,"minecraft:fly_one_cm":797991,"minecraft:open_chest":92,"minecraft:crouch_one_cm":13684,"minecraft:interact_with_smoker":1,"minecraft:fall_one_cm":41785},"minecraft:mined":{"minecraft:red_carpet":26,"minecraft:spruce_planks":6,"vampirism:altar_inspiration":2,"minecraft:grass_block":8,"iceandfire:chared_dirt":3,"minecraft:hay_block":2,"minecraft:dark_oak_trapdoor":2,"minecraft:barrel":26,"minecraft:fire":3,"iceandfire:chared_gravel":5,"minecraft:bookshelf":11,"iceandfire:gold_pile":72,"farmersdelight:cooking_pot":1,"minecraft:red_bed":16,"minecraft:lily_of_the_valley":1,"minecraft:crafting_table":3,"minecraft:melon":3,"minecraft:chest":4,"minecraft:rose_bush":1,"mahoutsukai:mahoujin":2,"minecraft:tall_grass":7,"minecraft:oak_planks":4,"minecraft:wall_torch":1,"farmersdelight:wild_beetroots":7,"farmersdelight:sandy_shrub":1,"minecraft:birch_log":1,"iceandfire:ash":1,"minecraft:grass":20,"minecraft:oak_log":126,"minecraft:sand":3,"minecraft:dirt":1,"minecraft:gray_carpet":1,"vintagedelight:wild_cucumbers":15,"minecraft:oak_leaves":36},"minecraft:crafted":{"minecraft:oak_planks":244,"minecraft:iron_nugget":288,"roundabout:match_bundle":64,"mahoutsukai:mortar":1,"roundabout:gasoline_can":4,"crittersandcompanions:iron_dragonfly_armor":2,"roundabout:knife_bundle":65,"minecraft:chest":1,"vampiresneedumbrellas:red_diamond_umbrella":2,"roundabout:match":256,"sophisticatedbackpacks:iron_backpack":1,"roundabout:knife":256,"sophisticatedbackpacks:backpack":1,"minecraft:crafting_table":5,"mahoutsukai:mortar_and_pestle":1,"minecraft:spruce_planks":16,"minecraft:wooden_pickaxe":1,"crittersandcompanions:gold_dragonfly_armor":1,"mahoutsukai:pestle":1,"sophisticatedbackpacks:gold_backpack":1,"mahoutsukai:spell_cloth":16,"minecraft:oak_boat":3,"mahoutsukai:powdered_diamond":4,"sophisticatedbackpacks:diamond_backpack":1,"minecraft:stick":404,"minecraft:gold_ingot":73,"vampiresneedumbrellas:diamond_umbrella_rod":4},"minecraft:picked_up":{"minecraft:fishing_rod":1,"unusual_delight:spider_leg":4,"minecraft:charcoal":6,"minecraft:iron_chestplate":1,"minecraft:crafting_table":3,"minecraft:wheat":32,"alexscaves:radgill":1,"minecraft:clay_ball":4,"minecraft:enchanted_book":1,"minecraft:potion":1,"cuisinedelight:spatula":1,"minecraft:dark_oak_trapdoor":2,"minecraft:string":20,"minecraft:red_bed":16,"minecraft:cooked_salmon":5,"minecraft:flint_and_steel":3,"minecraft:iron_leggings":1,"alexscaves:cooked_tripodfish":1,"minecraft:purple_banner":1,"vampirism:obi_belt":1,"mysticalagriculture:inferium_essence":33,"minecraft:gold_nugget":740,"minecraft:spruce_planks":13,"minecraft:beef":11,"wildwestguns2_3d:colt_navy":2,"minecraft:oak_boat":1,"minecraft:rose_bush":1,"roundabout:max_the_world_disc":1,"unusual_delight:soul":3,"minecraft:iron_pickaxe":4,"minecraft:melon_slice":13,"minecraft:chest":3,"minecraft:egg":32,"minecraft:iron_boots":2,"tameablebeasts:purple_allay":2,"wom:herrscher":1,"minecraft:stick":34,"iceandfire:dragonbone":8,"minecraft:copper_ingot":3,"minecraft:torch":1,"minecraft:bowl":3,"epicfight:skillbook":4,"vampirism:holy_water_bottle_enhanced":1,"vampirism:blood_bottle":2,"youkaishomecoming:raw_lamprey":2,"minecraft:prismarine_crystals":2,"vintagedelight:cucumber_seeds":11,"minecraft:tnt":6,"minecraft:salmon_bucket":3,"minecraft:beetroot_seeds":7,"minecraft:arrow":4,"minecraft:rotten_flesh":62,"minecraft:tropical_fish":4,"minecraft:cooked_cod":11,"wildwestguns2_3d:springfield_trapdoor_rifle":1,"vampirism:altar_inspiration":2,"minecraft:pumpkin_pie":4,"minecraft:shears":1,"iceandfire:chared_dirt":2,"minecraft:hay_block":1,"born_in_chaos_v1:spiny_shell":3,"minecraft:gold_ingot":12,"minecraft:totem_of_undying":1,"minecraft:cod":22,"alexsmobs:flying_fish":1,"minecraft:cobblestone":2,"born_in_chaos_v1:fused_bone":1,"minecraft:birch_log":1,"mahoutsukai:scroll_reality_marble":1,"minecraft:feather":5,"iceandfire:sea_serpent_fang":11,"minecraft:glow_ink_sac":3,"minecraft:water_bucket":1,"minecraft:salmon":17,"minecraft:leather":4,"aquamirae:spinefish":1,"minecraft:flint":10,"roundabout:max_justice_disc":2,"iceandfire:ectoplasm":2,"minecraft:oak_log":125,"minecraft:gunpowder":110,"iceandfire:dragonsteel_ice_sword":1,"minecraft:dirt":8,"wildwestguns2_3d:bullet_22":2,"iceandfire:dragonscales_bronze":11,"minecraft:paper":10,"iceandfire:dragonbone_sword_ice":1,"minecraft:red_carpet":25,"minecraft:bone":12,"vampirism:human_heart":27,"ice_and_fire_delight:sea_serpent_meat":9,"minecraft:gray_carpet":1,"farmersdelight:cooking_pot":1,"minecraft:kelp":18,"minecraft:wheat_seeds":3,"minecraft:spruce_wood":39,"minecraft:heart_of_the_sea":1,"minecraft:iron_ingot":88,"minecraft:cobweb":14,"alexsmobs:blobfish":2,"minecraft:oak_planks":4,"minecraft:iron_sword":2,"sophisticatedbackpacks:diamond_backpack":3,"minecraft:book":39,"minecraft:sculk_catalyst":4,"securitycraft:universal_block_reinforcer_lvl3":2,"minecraft:milk_bucket":1,"unusual_delight:warding_soul":3,"wildwestguns2_3d:bullet_4570":4,"mowziesdelight:nagi_tail":1,"patchouli:guide_book":3,"iceandfire:ash":1,"minecraft:quartz":18,"vintagedelight:cucumber":3,"minecraft:sand":2,"wildwestguns2_3d:ferguson_rifle":1,"iceandfire:stymphalian_bird_feather":2,"minecraft:ink_sac":4,"minecraft:leather_helmet":1,"minecraft:barrel":25,"alexsmobs:animal_dictionary":1,"minecraft:diamond":4,"vampirism:injection_sanguinare":1,"minecraft:iron_helmet":2,"iceandfire:sea_serpent_scales_red":2,"mahoutsukai:dagger":1,"minecraft:emerald":47,"minecraft:bread":8,"wildwestguns2_3d:rifleload":1,"born_in_chaos_v1:rotten_fish":3,"minecraft:oak_sapling":4,"alexscaves:cooked_lanternfish":1,"iceandfire:silver_nugget":6,"minecraft:coal":2},"minecraft:broken":{"minecraft:iron_leggings":1},"minecraft:used":{"mahoutsukai:spell_cloth":1,"minecraft:rose_bush":1,"minecraft:flint_and_steel":2,"minecraft:chest":1,"minecraft:spruce_planks":6,"minecraft:stone":16,"minecraft:iron_sword":12,"minecraft:torch":10,"minecraft:dirt":2,"minecraft:anvil":1,"mysticalagriculture:awakened_supremium_axe":9,"roundabout:gasoline_can":16,"iceandfire:chain":15,"minecraft:warden_spawn_egg":3,"born_in_chaos_v1:supreme_measure":11,"minecraft:dark_oak_planks":7,"minecraft:villager_spawn_egg":15,"iceandfire:dragon_bone_wall":10,"roundabout:wooden_glaive":1,"wom:tormented_mind":5,"roundabout:match_bundle":14,"roundabout:knife":13,"minecraft:bedrock":4,"minecraft:totem_of_undying":1,"minecraft:dark_oak_slab":2,"wom:antitheus":3,"torchmaster:megatorch":14,"minecraft:iron_leggings":2,"epicfight:skillbook":1,"vampirism:altar_inspiration":3,"minecraft:dirt_path":1,"wom:herrscher":27,"minecraft:gray_carpet":1,"minecraft:oak_planks":90,"vampirism:human_heart":10,"minecraft:smooth_quartz_stairs":1,"iceandfire:chared_dirt":2,"minecraft:crafting_table":8,"minecraft:red_bed":8,"roundabout:knife_bundle":3,"minecraft:oak_log":3,"sophisticatedbackpacks:backpack":1,"minecraft:command_block":1,"iceandfire:ash":1,"roundabout:gasoline_bucket":8,"minecraft:diamond_sword":13,"vampirism:med_chair":3,"minecraft:oak_boat":2,"minecraft:splash_potion":175}},"DataVersion":3465}