{"stats":{"minecraft:dropped":{"wildwestguns2_3d:bullet_4570":4,"wildwestguns2_3d:bullet_4440":2,"wildwestguns2_3d:springfield_trapdoor_rifle":1,"minecraft:oak_log":2,"youkaishomecoming:raw_lamprey":2,"wildwestguns2_3d:rifleload":3,"minecraft:red_carpet":1,"wom:ruine":1,"iceandfire:sea_serpent_scales_red":1,"alexsmobs:flying_fish":1,"minecraft:cooked_cod":2,"vampirism:injection_sanguinare":1,"iceandfire:dragonsteel_ice_sword":1,"minecraft:gold_nugget":64,"unusual_delight:spider_leg":2,"minecraft:iron_pickaxe":5,"alexsmobs:animal_dictionary":1,"wildwestguns2_3d:ferguson_rifle":1,"sophisticatedbackpacks:diamond_backpack":1,"patchouli:guide_book":2,"minecraft:charcoal":1,"mysticalagriculture:inferium_essence":1,"alexscaves:cooked_lanternfish":1,"minecraft:spruce_wood":36,"minecraft:arrow":1,"minecraft:beef":11,"minecraft:egg":22,"minecraft:iron_helmet":1,"minecraft:salmon_bucket":1,"minecraft:stick":70,"minecraft:sculk_catalyst":1,"born_in_chaos_v1:fused_bone":1,"minecraft:cooked_salmon":1,"mahoutsukai:scroll_geas":2,"wildwestguns2_3d:bullet_22":2,"wildwestguns2_3d:colt_navy":2,"vampirism:injection_garlic":1,"iceandfire:dragonbone":2,"minecraft:kelp":2,"securitycraft:universal_block_reinforcer_lvl3":2,"mahoutsukai:dagger":1,"minecraft:bowl":2,"born_in_chaos_v1:rotten_fish":1,"alexsmobs:blobfish":2,"minecraft:clay_ball":4,"minecraft:iron_boots":1,"alexscaves:cooked_tripodfish":1,"butcher:butchersguidebook":1,"alexscaves:radgill":1,"minecraft:spruce_planks":12,"wom:antitheus":1,"aquamirae:spinefish":1},"minecraft:broken":{"minecraft:iron_leggings":1},"minecraft:killed_by":{"iceandfire:sea_serpent":1,"vampirism:hunter":6,"iceandfire:fire_dragon":1,"irons_spellbooks:necromancer":1},"minecraft:killed":{"born_in_chaos_v1:zombie_lumberjack":1,"born_in_chaos_v1:restless_spirit":1,"minecraft:spider":3,"iceandfire:stymphalian_bird":2,"born_in_chaos_v1:siamese_skeletonsright":1,"vampirism:task_master_hunter":1,"minecraft:chicken":1,"vampirism:advanced_hunter":8,"minecraft:parrot":5,"minecraft:pig":3,"vampirism:hunter_trainer":1,"vampirism:hunter":104,"minecraft:sheep":1,"minecraft:pillager":22,"minecraft:zombie":5,"alexsmobs:terrapin":1,"born_in_chaos_v1:corpse_fly":2,"iceandfire:pixie":1,"born_in_chaos_v1:door_knight":2,"iceandfire:sea_serpent":2,"born_in_chaos_v1:siamese_skeletonsleft":2,"mowziesmobs:naga":4,"minecraft:evoker":1,"minecraft:vindicator":19,"born_in_chaos_v1:thornshell_crab":1,"born_in_chaos_v1:zombie_bruiser":1,"born_in_chaos_v1:maggot":2,"iceandfire:fire_dragon":1,"crittersandcompanions:otter":1,"minecraft:warden":2,"born_in_chaos_v1:barrel_zombie":1,"born_in_chaos_v1:baby_skeleton":5,"crittersandcompanions:ferret":1,"vampirism:villager_angry":3,"born_in_chaos_v1:decrepit_skeleton":6,"born_in_chaos_v1:decaying_zombie":1,"iceandfire:ghost":2,"born_in_chaos_v1:dark_vortex":1,"aqua_creepers:aqua_creeper":6,"minecraft:villager":7},"minecraft:used":{"vampirism:altar_infusion":1,"minecraft:chest":1,"minecraft:stone":16,"minecraft:iron_sword":12,"vampirism:blood_container":3,"minecraft:rotten_flesh":1,"roundabout:gasoline_can":16,"iceandfire:chain":15,"minecraft:warden_spawn_egg":3,"minecraft:villager_spawn_egg":16,"wom:tormented_mind":5,"roundabout:match_bundle":14,"minecraft:dark_oak_slab":2,"minecraft:stone_bricks":1,"minecraft:bedrock":4,"butcher:blood_liquid_bucket":2,"epicfight:skillbook":1,"minecraft:gray_carpet":2,"minecraft:oak_planks":96,"vampirism:human_heart":11,"vampirism:item_candelabra":5,"minecraft:smooth_quartz_stairs":2,"minecraft:stripped_mangrove_wood":1,"sophisticatedbackpacks:backpack":1,"vampirism:altar_pillar":13,"vampirism:hunter_trainer_spawn_egg":2,"minecraft:diamond_sword":13,"minecraft:dark_oak_fence":1,"vampirism:med_chair":3,"minecraft:oak_boat":2,"mahoutsukai:spell_cloth":1,"minecraft:rose_bush":2,"minecraft:flint_and_steel":2,"minecraft:spruce_planks":6,"minecraft:torch":10,"minecraft:dirt":2,"minecraft:anvil":1,"vampirism:advanced_vampire_hunter_spawn_egg":5,"mysticalagriculture:awakened_supremium_axe":9,"born_in_chaos_v1:supreme_measure":11,"minecraft:dark_oak_planks":7,"vampirism:blood_pedestal":1,"iceandfire:dragon_bone_wall":10,"roundabout:wooden_glaive":1,"minecraft:totem_of_undying":1,"vampirism:dark_spruce_log":6,"roundabout:knife":13,"wom:antitheus":3,"torchmaster:megatorch":14,"minecraft:iron_leggings":2,"minecraft:calcite":2,"vampirism:altar_inspiration":4,"minecraft:dirt_path":1,"wom:herrscher":49,"iceandfire:chared_dirt":2,"minecraft:crafting_table":9,"minecraft:red_bed":8,"roundabout:knife_bundle":3,"minecraft:oak_log":3,"vampirism:coffin_yellow":1,"minecraft:diamond_pickaxe":17,"minecraft:command_block":1,"iceandfire:ash":1,"vampirism:altar_tip":4,"roundabout:gasoline_bucket":8,"minecraft:splash_potion":175},"minecraft:custom":{"vampirism:interact_with_altar_of_infusion":10,"vampirism:action_time_vampire_rage":1518,"minecraft:interact_with_crafting_table":38,"minecraft:open_barrel":179,"minecraft:leave_game":15,"minecraft:time_since_death":46480,"minecraft:sprint_one_cm":668574,"minecraft:damage_blocked_by_shield":233,"vampirism:interact_with_coffin":1,"vampirism:interact_with_totem":7,"minecraft:drop":84,"minecraft:talked_to_villager":17,"minecraft:play_time":406765,"minecraft:deaths":15,"minecraft:jump":3346,"minecraft:walk_on_water_one_cm":31831,"vampirism:altar_of_inspiration_rituals_performed":22,"vampirism:action_used_bat":2,"minecraft:sleep_in_bed":6,"vampirism:actions_used":17,"vampirism:altar_of_infusion_rituals_performed":2,"vampirism:action_used_regen":2,"minecraft:damage_dealt":15315,"minecraft:player_kills":4,"minecraft:crouch_one_cm":16557,"minecraft:interact_with_smoker":1,"minecraft:mob_kills":254,"minecraft:interact_with_anvil":1,"vampirism:action_time_bat":1046,"minecraft:damage_dealt_resisted":11641,"minecraft:climb_one_cm":13151,"vampirism:amount_bitten":53,"minecraft:walk_one_cm":750379,"vampirism:action_time_regen":798,"vampirism:skills_unlocked":45,"vampirism:capture_village":1,"vampirism:action_used_freeze":6,"minecraft:damage_dealt_absorbed":80,"vampirism:interact_with_altar_inspiration":44,"minecraft:sneak_time":9883,"minecraft:walk_under_water_one_cm":48668,"minecraft:boat_one_cm":192825,"minecraft:interact_with_blast_furnace":5,"minecraft:total_world_time":406765,"vampirism:blood_drunk":62400,"vampirism:win_village_capture":1,"vampirism:interact_with_injection_chair":2,"minecraft:tune_noteblock":1,"vampirism:action_used_dark_blood_projectile":5,"minecraft:time_since_rest":16305,"vampirism:resurrected":3,"minecraft:damage_taken":3161155,"minecraft:swim_one_cm":18527,"minecraft:fly_one_cm":909739,"vampirism:action_used_vampire_rage":2,"minecraft:open_chest":94,"minecraft:fall_one_cm":53598},"minecraft:picked_up":{"minecraft:iron_chestplate":1,"minecraft:wheat":32,"alexscaves:radgill":1,"minecraft:potion":1,"minecraft:enchanted_book":1,"cuisinedelight:spatula":1,"vampirism:pure_salt_water":1,"minecraft:string":20,"minecraft:dark_oak_trapdoor":2,"minecraft:cooked_salmon":5,"vampirism:blood_pedestal":1,"minecraft:iron_leggings":1,"minecraft:purple_banner":1,"vampirism:obi_belt":3,"mysticalagriculture:inferium_essence":45,"minecraft:gold_nugget":740,"minecraft:spruce_planks":13,"wildwestguns2_3d:colt_navy":2,"minecraft:rose_bush":2,"roundabout:max_the_world_disc":1,"unusual_delight:soul":5,"minecraft:iron_pickaxe":4,"minecraft:melon_slice":13,"minecraft:iron_boots":2,"iceandfire:pixie_dust":1,"wom:herrscher":1,"minecraft:stick":34,"born_in_chaos_v1:shattered_skull":1,"minecraft:torch":60,"minecraft:porkchop":3,"epicfight:skillbook":4,"vampirism:holy_water_bottle_enhanced":2,"vampirism:dark_spruce_trapdoor":2,"vampirism:amulet":1,"youkaishomecoming:raw_lamprey":2,"vampirism:blood_bottle":3,"minecraft:rotten_flesh":73,"wildwestguns2_3d:springfield_trapdoor_rifle":1,"minecraft:tropical_fish":4,"minecraft:salmon_bucket":3,"minecraft:iron_block":2,"minecraft:cod":22,"alexsmobs:flying_fish":1,"minecraft:cobblestone":2,"minecraft:birch_log":1,"minecraft:feather":5,"minecraft:water_bucket":1,"minecraft:flint":10,"roundabout:max_justice_disc":2,"iceandfire:dragonscales_bronze":11,"minecraft:dirt":8,"iceandfire:dragonsteel_ice_sword":1,"iceandfire:dragonbone_sword_ice":1,"minecraft:bone":16,"minecraft:wheat_seeds":3,"vampirism:altar_pillar":12,"vampirism:pure_blood_1":1,"vampirism:item_garlic":2,"alexsmobs:blobfish":2,"minecraft:oak_planks":4,"securitycraft:universal_block_reinforcer_lvl3":2,"unusual_delight:warding_soul":3,"wildwestguns2_3d:bullet_4570":4,"mowziesdelight:nagi_tail":1,"patchouli:guide_book":3,"vintagedelight:cucumber":3,"minecraft:sand":2,"iceandfire:stymphalian_bird_feather":2,"minecraft:ink_sac":4,"alexsmobs:animal_dictionary":1,"minecraft:barrel":25,"minecraft:diamond":4,"vampirism:dark_spruce_door":2,"vampirism:injection_sanguinare":1,"mahoutsukai:dagger":1,"minecraft:spruce_sign":3,"minecraft:emerald":47,"minecraft:bread":8,"minecraft:oak_sapling":4,"born_in_chaos_v1:rotten_fish":3,"minecraft:dark_oak_fence":1,"iceandfire:silver_nugget":6,"minecraft:fishing_rod":1,"unusual_delight:spider_leg":4,"minecraft:charcoal":6,"minecraft:crafting_table":3,"vampirism:dark_spruce_log":20,"minecraft:clay_ball":4,"minecraft:gold_block":3,"minecraft:red_bed":16,"minecraft:flint_and_steel":3,"alexscaves:cooked_tripodfish":1,"minecraft:cyan_carpet":2,"minecraft:beef":11,"minecraft:oak_boat":1,"minecraft:spruce_slab":2,"minecraft:chest":3,"tameablebeasts:purple_allay":2,"minecraft:egg":32,"iceandfire:dragonbone":8,"minecraft:copper_ingot":3,"minecraft:bowl":3,"minecraft:prismarine_crystals":2,"minecraft:tnt":6,"vintagedelight:cucumber_seeds":11,"minecraft:arrow":4,"minecraft:cooked_cod":11,"minecraft:pumpkin_pie":4,"minecraft:beetroot_seeds":7,"vampirism:altar_inspiration":2,"minecraft:shears":1,"iceandfire:chared_dirt":2,"minecraft:hay_block":1,"born_in_chaos_v1:spiny_shell":3,"minecraft:gold_ingot":12,"minecraft:totem_of_undying":1,"born_in_chaos_v1:fused_bone":1,"mahoutsukai:scroll_reality_marble":1,"born_in_chaos_v1:corpse_maggot":2,"vampirism:vampire_blood_bottle":1,"minecraft:golden_carrot":1,"iceandfire:sea_serpent_fang":11,"minecraft:glow_ink_sac":3,"minecraft:salmon":17,"minecraft:leather":4,"aquamirae:spinefish":1,"minecraft:oak_log":127,"iceandfire:ectoplasm":2,"vampirism:item_candelabra":5,"minecraft:gunpowder":110,"wildwestguns2_3d:bullet_22":2,"minecraft:paper":10,"minecraft:red_carpet":25,"vampirism:human_heart":32,"ice_and_fire_delight:sea_serpent_meat":9,"farmersdelight:cooking_pot":2,"minecraft:stone_bricks":7,"minecraft:gray_carpet":4,"minecraft:kelp":18,"minecraft:heart_of_the_sea":1,"minecraft:spruce_wood":39,"minecraft:iron_ingot":90,"minecraft:cobweb":14,"vampirism:holy_water_bottle_ultimate":1,"minecraft:iron_sword":2,"sophisticatedbackpacks:diamond_backpack":3,"minecraft:book":51,"minecraft:sculk_catalyst":4,"minecraft:milk_bucket":1,"minecraft:quartz":18,"iceandfire:ash":1,"born_in_chaos_v1:ethereal_spirit":1,"born_in_chaos_v1:dark_rod":1,"wildwestguns2_3d:ferguson_rifle":1,"vampirism:altar_infusion":1,"minecraft:leather_helmet":1,"vampirism:vampire_rack":1,"vampirism:blood_container":3,"vampirism:altar_tip":4,"minecraft:iron_helmet":2,"iceandfire:sea_serpent_scales_red":2,"wildwestguns2_3d:rifleload":1,"alexscaves:cooked_lanternfish":1,"minecraft:coal":2},"minecraft:crafted":{"minecraft:oak_planks":256,"roundabout:match_bundle":64,"mahoutsukai:mortar":1,"roundabout:gasoline_can":4,"minecraft:chest":1,"roundabout:match":256,"minecraft:glass_bottle":18,"sophisticatedbackpacks:backpack":1,"minecraft:crafting_table":6,"minecraft:spruce_planks":16,"minecraft:wooden_pickaxe":1,"mahoutsukai:pestle":1,"mahoutsukai:spell_cloth":16,"mahoutsukai:powdered_diamond":4,"sophisticatedbackpacks:diamond_backpack":1,"minecraft:stick":404,"minecraft:iron_ingot":18,"minecraft:iron_block":14,"minecraft:gold_ingot":73,"minecraft:iron_nugget":288,"crittersandcompanions:iron_dragonfly_armor":2,"roundabout:knife_bundle":65,"vampiresneedumbrellas:red_diamond_umbrella":2,"sophisticatedbackpacks:iron_backpack":1,"roundabout:knife":256,"mahoutsukai:mortar_and_pestle":1,"crittersandcompanions:gold_dragonfly_armor":1,"sophisticatedbackpacks:gold_backpack":1,"minecraft:oak_boat":3,"vampiresneedumbrellas:diamond_umbrella_rod":4},"minecraft:mined":{"minecraft:spruce_planks":6,"minecraft:grass_block":8,"vampirism:dark_spruce_log":20,"minecraft:dark_oak_trapdoor":2,"minecraft:fire":3,"minecraft:barrel":26,"iceandfire:gold_pile":72,"minecraft:spruce_slab":2,"minecraft:red_bed":16,"minecraft:melon":3,"minecraft:chest":4,"mahoutsukai:mahoujin":2,"vampirism:dark_spruce_door":2,"minecraft:oak_planks":4,"minecraft:wall_torch":1,"farmersdelight:sandy_shrub":1,"minecraft:birch_log":1,"minecraft:grass":21,"minecraft:oak_log":126,"minecraft:sand":3,"minecraft:dirt":1,"minecraft:oak_leaves":36,"minecraft:red_carpet":26,"vampirism:altar_inspiration":2,"vampirism:altar_pillar":12,"minecraft:dark_oak_fence":1,"iceandfire:chared_dirt":3,"minecraft:spruce_leaves":1,"minecraft:large_fern":2,"minecraft:hay_block":2,"iceandfire:chared_gravel":5,"minecraft:bookshelf":15,"vampirism:altar_infusion":1,"vampirism:dark_spruce_trapdoor":3,"vampirism:candelabra_wall":3,"farmersdelight:cooking_pot":2,"minecraft:lily_of_the_valley":1,"minecraft:crafting_table":3,"minecraft:rose_bush":2,"minecraft:tall_grass":7,"vampirism:vampire_rack":1,"vampirism:candelabra":2,"farmersdelight:wild_beetroots":7,"iceandfire:ash":1,"minecraft:cyan_carpet":1,"minecraft:gray_carpet":2,"vintagedelight:wild_cucumbers":15,"vampirism:blood_pedestal":1,"minecraft:fern":1,"vampirism:altar_tip":4}},"DataVersion":3465}