{"stats":{"minecraft:custom":{"minecraft:jump":60,"minecraft:time_since_rest":9070,"minecraft:crouch_one_cm":150,"minecraft:sprint_one_cm":11751,"minecraft:leave_game":2,"minecraft:play_time":13865,"minecraft:deaths":1,"minecraft:time_since_death":9043,"minecraft:walk_one_cm":21337,"minecraft:sneak_time":154,"minecraft:total_world_time":13865,"minecraft:mob_kills":7,"minecraft:fly_one_cm":36710,"minecraft:open_barrel":2},"minecraft:picked_up":{"minecraft:bone":1,"minecraft:dirt":1},"minecraft:used":{"torchmaster:megatorch":13,"minecraft:stone":16,"minecraft:dirt":1,"minecraft:dirt_path":1},"minecraft:mined":{"minecraft:grass_block":1}},"DataVersion":3465}