{"stats":{"minecraft:killed":{"minecraft:pig":2},"minecraft:mined":{"minecraft:grass_block":1},"minecraft:dropped":{"vampirism:injection_sanguinare":1,"alexsmobs:animal_dictionary":1,"patchouli:guide_book":2,"vampirism:injection_garlic":1,"butcher:butchersguidebook":1},"minecraft:picked_up":{"minecraft:bone":1,"minecraft:rotten_flesh":13,"patchouli:guide_book":2,"minecraft:wheat_seeds":1,"mysticalagriculture:inferium_essence":2,"vampirism:injection_sanguinare":1,"roundabout:max_justice_disc":1,"minecraft:dirt":1,"alexsmobs:animal_dictionary":1},"minecraft:custom":{"minecraft:open_barrel":6,"minecraft:open_chest":4,"minecraft:crouch_one_cm":2840,"minecraft:play_time":41064,"minecraft:sprint_one_cm":46913,"minecraft:deaths":1,"minecraft:walk_one_cm":61603,"minecraft:sneak_time":1232,"minecraft:mob_kills":14,"minecraft:drop":6,"minecraft:jump":374,"vampirism:skills_unlocked":1,"minecraft:damage_dealt":246,"minecraft:interact_with_blast_furnace":1,"minecraft:leave_game":4,"minecraft:time_since_death":36242,"minecraft:walk_on_water_one_cm":44,"minecraft:total_world_time":41064,"vampirism:interact_with_injection_chair":2,"minecraft:fly_one_cm":141665,"minecraft:time_since_rest":36269},"minecraft:used":{"roundabout:knife":13,"minecraft:dirt":1,"minecraft:dirt_path":1,"roundabout:wooden_glaive":1,"vampirism:med_chair":3,"torchmaster:megatorch":14,"minecraft:stone":16,"minecraft:splash_potion":26}},"DataVersion":3465}