{"stats":{"minecraft:custom":{"minecraft:open_barrel":6,"minecraft:time_since_rest":14885,"minecraft:open_chest":4,"minecraft:crouch_one_cm":150,"minecraft:play_time":19680,"minecraft:sprint_one_cm":23818,"minecraft:walk_one_cm":30188,"minecraft:deaths":1,"minecraft:sneak_time":409,"minecraft:mob_kills":12,"minecraft:jump":69,"minecraft:interact_with_blast_furnace":1,"minecraft:leave_game":3,"minecraft:walk_on_water_one_cm":44,"minecraft:time_since_death":14858,"minecraft:total_world_time":19680,"minecraft:fly_one_cm":79431},"minecraft:picked_up":{"minecraft:bone":1,"minecraft:rotten_flesh":13,"mysticalagriculture:inferium_essence":2,"minecraft:dirt":1},"minecraft:used":{"minecraft:dirt":1,"minecraft:dirt_path":1,"torchmaster:megatorch":14,"minecraft:stone":16},"minecraft:mined":{"minecraft:grass_block":1}},"DataVersion":3465}